You Can Do It,"{'Rating': [86, 66.0, 50.0, 42.0, 42.0, 40.0, 35.0, 46.0, 45.0, 54.0, 73.0, 89.0], 'RatingChange': [-20.0, -16.0, -8.0, 0.0, -2.0, -5.0, 11.0, -1.0, 9.0, 19.0, 16.0]}"
Still In My Heart,"{'Rating': [95, 88.0, 98.0], 'RatingChange': [-7.0, 10.0]}"
Blue (Da Ba Dee),"{'Rating': [67, 29.0, 16.0, 16.0, 13.0, 11.0, 9.0, 6.0, 7.0, 9.0, 13.0, 19.0, 21.0, 24.0, 32.0, 42.0, 56.0, 60.0, 76.0, 88.0], 'RatingChange': [-38.0, -13.0, 0.0, -3.0, -2.0, -2.0, -3.0, 1.0, 2.0, 4.0, 6.0, 2.0, 3.0, 8.0, 10.0, 14.0, 4.0, 16.0, 12.0]}"
That's The Way It Is,"{'Rating': [74, 68.0, 65.0, 49.0, 44.0, 34.0, 30.0, 30.0, 17.0, 14.0, 11.0, 8.0, 9.0, 10.0, 11.0, 11.0, 6.0, 8.0, 7.0, 7.0, 9.0, 10.0, 14.0, 16.0, 26.0, 31.0, 35.0, 42.0], 'RatingChange': [-6.0, -3.0, -16.0, -5.0, -10.0, -4.0, 0.0, -13.0, -3.0, -3.0, -3.0, 1.0, 1.0, 1.0, 0.0, -5.0, 2.0, -1.0, 0.0, 2.0, 1.0, 4.0, 2.0, 10.0, 5.0, 4.0, 7.0]}"
It's Gonna Be Me,"{'Rating': [82, 70.0, 51.0, 39.0, 26.0, 19.0, 15.0, 9.0, 7.0, 7.0, 5.0, 4.0, 1.0, 1.0, 3.0, 4.0, 6.0, 10.0, 13.0, 15.0, 18.0, 23.0, 28.0, 38.0, 48.0], 'RatingChange': [-12.0, -19.0, -12.0, -13.0, -7.0, -4.0, -6.0, -2.0, 0.0, -2.0, -1.0, -3.0, 0.0, 2.0, 1.0, 2.0, 4.0, 3.0, 2.0, 3.0, 5.0, 5.0, 10.0, 10.0]}"
From The Bottom Of My Broken Heart,"{'Rating': [76, 59.0, 52.0, 52.0, 14.0, 14.0, 17.0, 24.0, 33.0, 35.0, 41.0, 45.0, 54.0, 64.0, 64.0, 81.0, 97.0, 92.0, 86.0, 90.0], 'RatingChange': [-17.0, -7.0, 0.0, -38.0, 0.0, 3.0, 7.0, 9.0, 2.0, 6.0, 4.0, 9.0, 10.0, 0.0, 17.0, 16.0, -5.0, -6.0, 4.0]}"
I Think God Can Explain,"{'Rating': [71, 66.0, 62.0, 62.0, 62.0, 64.0, 65.0, 71.0, 81.0, 89.0, 95.0, 100.0], 'RatingChange': [-5.0, -4.0, 0.0, 0.0, 2.0, 1.0, 6.0, 10.0, 8.0, 6.0, 5.0]}"
Spanish Guitar,"{'Rating': [98, 98.0, 98.0], 'RatingChange': [0.0, 0.0]}"
I Don't Wanna,"{'Rating': [84, 62.0, 51.0, 41.0, 38.0, 35.0, 35.0, 38.0, 38.0, 36.0, 37.0, 37.0, 38.0, 49.0, 61.0, 63.0, 62.0, 67.0, 83.0, 86.0], 'RatingChange': [-22.0, -11.0, -10.0, -3.0, -3.0, 0.0, 3.0, 0.0, -2.0, 1.0, 0.0, 1.0, 11.0, 12.0, 2.0, -1.0, 5.0, 16.0, 3.0]}"
If I Am,"{'Rating': [68, 68.0, 81.0, 94.0, 100.0], 'RatingChange': [0.0, 13.0, 13.0, 6.0]}"
Say My Name,"{'Rating': [83, 83.0, 44.0, 38.0, 16.0, 13.0, 16.0, 16.0, 16.0, 18.0, 17.0, 14.0, 1.0, 1.0, 1.0, 2.0, 2.0, 3.0, 5.0, 5.0, 5.0, 7.0, 10.0, 13.0, 14.0, 18.0, 23.0, 23.0, 34.0, 37.0, 43.0, 47.0], 'RatingChange': [0.0, -39.0, -6.0, -22.0, -3.0, 3.0, 0.0, 0.0, 2.0, -1.0, -3.0, -13.0, 0.0, 0.0, 1.0, 0.0, 1.0, 2.0, 0.0, 0.0, 2.0, 3.0, 3.0, 1.0, 4.0, 5.0, 0.0, 11.0, 3.0, 6.0, 4.0]}"
Stay The Night,"{'Rating': [84, 61.0, 45.0, 43.0, 40.0, 38.0, 36.0, 31.0, 34.0, 34.0, 40.0, 36.0, 36.0, 23.0, 41.0, 62.0, 70.0, 71.0, 79.0, 78.0], 'RatingChange': [-23.0, -16.0, -2.0, -3.0, -2.0, -2.0, -5.0, 3.0, 0.0, 6.0, -4.0, 0.0, -13.0, 18.0, 21.0, 8.0, 1.0, 8.0, -1.0]}"
Wonderful,"{'Rating': [77, 69.0, 53.0, 37.0, 33.0, 25.0, 24.0, 23.0, 22.0, 25.0, 28.0, 25.0, 11.0, 13.0, 13.0, 11.0, 18.0, 28.0, 36.0, 39.0, 45.0], 'RatingChange': [-8.0, -16.0, -16.0, -4.0, -8.0, -1.0, -1.0, -1.0, 3.0, 3.0, -3.0, -14.0, 2.0, 0.0, -2.0, 7.0, 10.0, 8.0, 3.0, 6.0]}"
Let's Get Married,"{'Rating': [77, 66.0, 55.0, 45.0, 38.0, 42.0, 33.0, 29.0, 28.0, 26.0, 23.0, 15.0, 11.0, 14.0, 14.0, 17.0, 20.0, 20.0, 21.0, 23.0, 24.0, 29.0, 36.0, 47.0], 'RatingChange': [-11.0, -11.0, -10.0, -7.0, 4.0, -9.0, -4.0, -1.0, -2.0, -3.0, -8.0, -4.0, 3.0, 0.0, 3.0, 3.0, 0.0, 1.0, 2.0, 1.0, 5.0, 7.0, 11.0]}"
That's What I'm Looking For,"{'Rating': [93, 73.0, 60.0, 60.0, 60.0, 60.0, 63.0, 56.0, 58.0, 70.0, 71.0, 72.0, 90.0, 94.0, 94.0, 94.0, 94.0, 100.0], 'RatingChange': [-20.0, -13.0, 0.0, 0.0, 0.0, 3.0, -7.0, 2.0, 12.0, 1.0, 1.0, 18.0, 4.0, 0.0, 0.0, 0.0, 6.0]}"
Goodbye Earl,"{'Rating': [40, 29.0, 24.0, 24.0, 20.0, 20.0, 20.0, 19.0, 38.0, 61.0, 86.0, 88.0, 96.0, 96.0, 98.0], 'RatingChange': [-11.0, -5.0, 0.0, -4.0, 0.0, 0.0, -1.0, 19.0, 23.0, 25.0, 2.0, 8.0, 0.0, 2.0]}"
Cowboy Take Me Away,"{'Rating': [79, 72.0, 70.0, 61.0, 52.0, 52.0, 52.0, 39.0, 31.0, 27.0, 27.0, 27.0, 31.0, 37.0, 40.0, 47.0, 51.0, 56.0, 59.0, 59.0], 'RatingChange': [-7.0, -2.0, -9.0, -9.0, 0.0, 0.0, -13.0, -8.0, -4.0, 0.0, 0.0, 4.0, 6.0, 3.0, 7.0, 4.0, 5.0, 3.0, 0.0]}"
Smile,"{'Rating': [89, 80.0, 80.0, 80.0, 65.0, 47.0, 44.0, 42.0, 39.0, 39.0, 43.0, 41.0, 43.0, 45.0, 50.0, 58.0, 67.0, 78.0, 85.0, 91.0], 'RatingChange': [-9.0, 0.0, 0.0, -15.0, -18.0, -3.0, -2.0, -3.0, 0.0, 4.0, -2.0, 2.0, 2.0, 5.0, 8.0, 9.0, 11.0, 7.0, 6.0]}"
I Knew I Loved You,"{'Rating': [71, 48.0, 43.0, 31.0, 20.0, 13.0, 7.0, 6.0, 4.0, 4.0, 4.0, 6.0, 4.0, 2.0, 1.0, 1.0, 1.0, 2.0, 1.0, 2.0, 4.0, 8.0, 8.0, 12.0, 14.0, 17.0, 21.0, 24.0, 30.0, 34.0, 37.0, 46.0, 47.0], 'RatingChange': [-23.0, -5.0, -12.0, -11.0, -7.0, -6.0, -1.0, -2.0, 0.0, 0.0, 2.0, -2.0, -2.0, -1.0, 0.0, 0.0, 1.0, -1.0, 1.0, 2.0, 4.0, 0.0, 4.0, 2.0, 3.0, 4.0, 3.0, 6.0, 4.0, 3.0, 9.0, 1.0]}"
Hot Boyz,"{'Rating': [36, 21.0, 13.0, 9.0, 7.0, 7.0, 5.0, 7.0, 7.0, 7.0, 8.0, 11.0, 7.0, 10.0, 11.0, 12.0, 15.0, 17.0, 23.0, 30.0, 38.0], 'RatingChange': [-15.0, -8.0, -4.0, -2.0, 0.0, -2.0, 2.0, 0.0, 0.0, 1.0, 3.0, -4.0, 3.0, 1.0, 1.0, 3.0, 2.0, 6.0, 7.0, 8.0]}"
Country Comes To Town,"{'Rating': [82, 78.0, 75.0, 69.0, 66.0, 62.0, 59.0, 58.0, 55.0, 55.0, 54.0, 62.0, 81.0, 95.0, 93.0], 'RatingChange': [-4.0, -3.0, -6.0, -3.0, -4.0, -3.0, -1.0, -3.0, 0.0, -1.0, 8.0, 19.0, 14.0, -2.0]}"
You Sang To Me,"{'Rating': [77, 54.0, 50.0, 43.0, 30.0, 27.0, 21.0, 18.0, 15.0, 13.0, 13.0, 13.0, 13.0, 5.0, 2.0, 2.0, 5.0, 7.0, 9.0, 12.0, 12.0, 16.0, 20.0, 20.0, 22.0, 25.0, 26.0, 29.0, 35.0, 33.0, 40.0, 44.0], 'RatingChange': [-23.0, -4.0, -7.0, -13.0, -3.0, -6.0, -3.0, -3.0, -2.0, 0.0, 0.0, 0.0, -8.0, -3.0, 0.0, 3.0, 2.0, 2.0, 3.0, 0.0, 4.0, 4.0, 0.0, 2.0, 3.0, 1.0, 3.0, 6.0, -2.0, 7.0, 4.0]}"
Breathe,"{'Rating': [81, 68.0, 62.0, 51.0, 42.0, 35.0, 28.0, 28.0, 28.0, 43.0, 30.0, 23.0, 23.0, 21.0, 21.0, 21.0, 5.0, 3.0, 3.0, 4.0, 4.0, 3.0, 3.0, 3.0, 2.0, 2.0, 3.0, 3.0, 2.0, 2.0, 3.0, 4.0, 2.0, 5.0, 8.0, 11.0, 13.0, 14.0, 18.0, 22.0, 23.0, 22.0, 24.0, 30.0, 31.0, 31.0, 38.0, 39.0, 42.0, 49.0, 49.0, 48.0, 47.0], 'RatingChange': [-13.0, -6.0, -11.0, -9.0, -7.0, -7.0, 0.0, 0.0, 15.0, -13.0, -7.0, 0.0, -2.0, 0.0, 0.0, -16.0, -2.0, 0.0, 1.0, 0.0, -1.0, 0.0, 0.0, -1.0, 0.0, 1.0, 0.0, -1.0, 0.0, 1.0, 1.0, -2.0, 3.0, 3.0, 3.0, 2.0, 1.0, 4.0, 4.0, 1.0, -1.0, 2.0, 6.0, 1.0, 0.0, 7.0, 1.0, 3.0, 7.0, 0.0, -1.0, -1.0]}"
Deep Inside,"{'Rating': [83, 80.0, 80.0, 75.0, 75.0, 73.0, 64.0, 64.0, 65.0, 67.0, 63.0, 67.0, 75.0, 85.0, 94.0], 'RatingChange': [-3.0, 0.0, -5.0, 0.0, -2.0, -9.0, 0.0, 1.0, 2.0, -4.0, 4.0, 8.0, 10.0, 9.0]}"
I Just Wanna Love U (Give It 2 Me),"{'Rating': [58, 45.0, 35.0, 26.0, 23.0, 19.0, 14.0, 14.0, 13.0, 11.0, 12.0, 12.0, 12.0, 15.0, 15.0, 19.0, 24.0, 28.0, 29.0, 30.0, 40.0], 'RatingChange': [-13.0, -10.0, -9.0, -3.0, -4.0, -5.0, 0.0, -1.0, -2.0, 1.0, 0.0, 0.0, 3.0, 0.0, 4.0, 5.0, 4.0, 1.0, 1.0, 10.0]}"
That's The Way,"{'Rating': [78, 67.0, 63.0, 54.0, 50.0, 44.0, 38.0, 30.0, 27.0, 25.0, 31.0, 28.0, 30.0, 28.0, 32.0, 35.0, 48.0, 46.0, 51.0, 59.0], 'RatingChange': [-11.0, -4.0, -9.0, -4.0, -6.0, -6.0, -8.0, -3.0, -2.0, 6.0, -3.0, 2.0, -2.0, 4.0, 3.0, 13.0, -2.0, 5.0, 8.0]}"
The Best Man I Can Be,"{'Rating': [97, 97.0, 83.0, 94.0, 84.0, 88.0, 85.0, 82.0, 77.0, 77.0, 85.0, 89.0], 'RatingChange': [0.0, -14.0, 11.0, -10.0, 4.0, -3.0, -3.0, -5.0, 0.0, 8.0, 4.0]}"
Cherchez LaGhost,"{'Rating': [98], 'RatingChange': []}"
This Time Around,"{'Rating': [22, 22.0, 20.0, 45.0, 87.0, 71.0, 95.0], 'RatingChange': [0.0, -2.0, 25.0, 42.0, -16.0, 24.0]}"
Hanginaround,"{'Rating': [84, 70.0, 66.0, 60.0, 46.0, 37.0, 35.0, 35.0, 35.0, 32.0, 29.0, 29.0, 28.0, 32.0, 38.0, 48.0, 56.0, 59.0, 61.0, 66.0], 'RatingChange': [-14.0, -4.0, -6.0, -14.0, -9.0, -2.0, 0.0, 0.0, -3.0, -3.0, 0.0, -1.0, 4.0, 6.0, 10.0, 8.0, 3.0, 2.0, 5.0]}"
I Try,"{'Rating': [68, 51.0, 47.0, 36.0, 30.0, 20.0, 15.0, 12.0, 8.0, 7.0, 7.0, 7.0, 6.0, 5.0, 6.0, 9.0, 10.0, 11.0, 14.0, 16.0, 16.0, 16.0, 21.0, 27.0, 34.0, 40.0, 46.0], 'RatingChange': [-17.0, -4.0, -11.0, -6.0, -10.0, -5.0, -3.0, -4.0, -1.0, 0.0, 0.0, -1.0, -1.0, 1.0, 3.0, 1.0, 1.0, 3.0, 2.0, 0.0, 0.0, 5.0, 6.0, 7.0, 6.0, 6.0]}"
Stan,"{'Rating': [78, 67.0, 57.0, 57.0, 51.0, 51.0, 51.0, 57.0, 55.0, 70.0, 69.0, 77.0, 88.0, 93.0, 100.0], 'RatingChange': [-11.0, -10.0, 0.0, -6.0, 0.0, 0.0, 6.0, -2.0, 15.0, -1.0, 8.0, 11.0, 5.0, 7.0]}"
Lucky,"{'Rating': [61, 41.0, 28.0, 26.0, 23.0, 29.0, 30.0, 40.0, 66.0, 86.0, 100.0], 'RatingChange': [-20.0, -13.0, -2.0, -3.0, 6.0, 1.0, 10.0, 26.0, 20.0, 14.0]}"
Whoa!,"{'Rating': [78, 59.0, 53.0, 52.0, 47.0, 46.0, 43.0, 47.0, 47.0, 58.0, 54.0, 57.0, 70.0, 85.0, 84.0, 93.0, 97.0], 'RatingChange': [-19.0, -6.0, -1.0, -5.0, -1.0, -3.0, 4.0, 0.0, 11.0, -4.0, 3.0, 13.0, 15.0, -1.0, 9.0, 4.0]}"
Lessons Learned,"{'Rating': [80, 73.0, 61.0, 61.0, 48.0, 48.0, 48.0, 48.0, 44.0, 42.0, 40.0, 40.0, 50.0, 66.0, 81.0, 93.0, 94.0, 99.0, 99.0, 100.0], 'RatingChange': [-7.0, -12.0, 0.0, -13.0, 0.0, 0.0, 0.0, -4.0, -2.0, -2.0, 0.0, 10.0, 16.0, 15.0, 12.0, 1.0, 5.0, 0.0, 1.0]}"
G'D Up,"{'Rating': [77, 77.0, 89.0, 64.0, 57.0, 47.0, 47.0, 55.0, 65.0, 69.0, 83.0, 82.0, 90.0, 94.0], 'RatingChange': [0.0, 12.0, -25.0, -7.0, -10.0, 0.0, 8.0, 10.0, 4.0, 14.0, -1.0, 8.0, 4.0]}"
Summer Rain,"{'Rating': [82, 82.0, 86.0, 80.0, 82.0, 83.0, 84.0, 82.0, 88.0, 94.0, 95.0], 'RatingChange': [0.0, 4.0, -6.0, 2.0, 1.0, 1.0, -2.0, 6.0, 6.0, 1.0]}"
Amazed,"{'Rating': [81, 54.0, 44.0, 39.0, 38.0, 33.0, 29.0, 29.0, 32.0, 27.0, 26.0, 24.0, 27.0, 32.0, 33.0, 35.0, 35.0, 40.0, 43.0, 50.0, 45.0, 45.0, 45.0, 23.0, 17.0, 14.0, 17.0, 18.0, 18.0, 3.0, 1.0, 1.0, 2.0, 3.0, 4.0, 4.0, 5.0, 6.0, 8.0, 9.0, 10.0, 12.0, 15.0, 20.0, 22.0, 22.0, 25.0, 26.0, 31.0, 32.0, 37.0, 42.0, 42.0, 45.0, 50.0], 'RatingChange': [-27.0, -10.0, -5.0, -1.0, -5.0, -4.0, 0.0, 3.0, -5.0, -1.0, -2.0, 3.0, 5.0, 1.0, 2.0, 0.0, 5.0, 3.0, 7.0, -5.0, 0.0, 0.0, -22.0, -6.0, -3.0, 3.0, 1.0, 0.0, -15.0, -2.0, 0.0, 1.0, 1.0, 1.0, 0.0, 1.0, 1.0, 2.0, 1.0, 1.0, 2.0, 3.0, 5.0, 2.0, 0.0, 3.0, 1.0, 5.0, 1.0, 5.0, 5.0, 0.0, 3.0, 5.0]}"
Bring It All To Me,"{'Rating': [73, 63.0, 50.0, 42.0, 24.0, 19.0, 17.0, 14.0, 11.0, 9.0, 9.0, 9.0, 10.0, 5.0, 5.0, 6.0, 8.0, 9.0, 15.0, 15.0, 18.0, 17.0, 18.0, 19.0, 19.0, 22.0, 26.0, 32.0, 42.0], 'RatingChange': [-10.0, -13.0, -8.0, -18.0, -5.0, -2.0, -3.0, -3.0, -2.0, 0.0, 0.0, 1.0, -5.0, 0.0, 1.0, 2.0, 1.0, 6.0, 0.0, 3.0, -1.0, 1.0, 1.0, 0.0, 3.0, 4.0, 6.0, 10.0]}"
You Should've Told Me,"{'Rating': [91, 91.0, 91.0, 87.0, 86.0, 79.0, 79.0, 75.0, 70.0, 68.0, 64.0, 64.0, 68.0, 70.0, 74.0, 90.0, 86.0, 85.0, 93.0, 92.0], 'RatingChange': [0.0, 0.0, -4.0, -1.0, -7.0, 0.0, -4.0, -5.0, -2.0, -4.0, 0.0, 4.0, 2.0, 4.0, 16.0, -4.0, -1.0, 8.0, -1.0]}"
Take That,"{'Rating': [94, 88.0, 86.0, 91.0, 89.0, 87.0, 99.0], 'RatingChange': [-6.0, -2.0, 5.0, -2.0, -2.0, 12.0]}"
All Good?,"{'Rating': [96, 96.0, 100.0], 'RatingChange': [0.0, 4.0]}"
Treat Her Like A Lady,"{'Rating': [77, 75.0, 63.0, 63.0, 69.0, 64.0, 68.0, 67.0, 72.0, 79.0, 78.0, 84.0, 85.0, 90.0, 89.0, 99.0, 100.0], 'RatingChange': [-2.0, -12.0, 0.0, 6.0, -5.0, 4.0, -1.0, 5.0, 7.0, -1.0, 6.0, 1.0, 5.0, -1.0, 10.0, 1.0]}"
Private Emotion,"{'Rating': [76, 67.0, 71.0, 78.0, 89.0], 'RatingChange': [-9.0, 4.0, 7.0, 11.0]}"
Better Off Alone,"{'Rating': [79, 65.0, 53.0, 48.0, 45.0, 36.0, 34.0, 29.0, 27.0, 30.0, 36.0, 37.0, 39.0, 49.0, 57.0, 63.0, 65.0, 68.0, 79.0, 86.0], 'RatingChange': [-14.0, -12.0, -5.0, -3.0, -9.0, -2.0, -5.0, -2.0, 3.0, 6.0, 1.0, 2.0, 10.0, 8.0, 6.0, 2.0, 3.0, 11.0, 7.0]}"
Bad Boyz,"{'Rating': [94, 87.0, 90.0, 90.0, 82.0, 67.0, 61.0, 57.0, 71.0, 78.0, 74.0, 81.0, 88.0, 96.0, 100.0], 'RatingChange': [-7.0, 3.0, 0.0, -8.0, -15.0, -6.0, -4.0, 14.0, 7.0, -4.0, 7.0, 7.0, 8.0, 4.0]}"
I Wanna Be With You,"{'Rating': [69, 63.0, 54.0, 50.0, 45.0, 42.0, 31.0, 28.0, 24.0, 34.0, 42.0, 53.0, 65.0, 66.0, 77.0, 94.0, 99.0, 93.0, 91.0, 91.0, 90.0, 89.0, 86.0], 'RatingChange': [-6.0, -9.0, -4.0, -5.0, -3.0, -11.0, -3.0, -4.0, 10.0, 8.0, 11.0, 12.0, 1.0, 11.0, 17.0, 5.0, -6.0, -2.0, 0.0, -1.0, -1.0, -3.0]}"
Buy Me A Rose,"{'Rating': [79, 72.0, 65.0, 65.0, 54.0, 46.0, 46.0, 43.0, 40.0, 40.0, 46.0, 54.0, 58.0, 66.0, 73.0, 82.0, 86.0, 84.0, 88.0, 91.0], 'RatingChange': [-7.0, -7.0, 0.0, -11.0, -8.0, 0.0, -3.0, -3.0, 0.0, 6.0, 8.0, 4.0, 8.0, 7.0, 9.0, 4.0, -2.0, 4.0, 3.0]}"
Got It All,"{'Rating': [89, 88.0, 88.0, 91.0, 95.0], 'RatingChange': [-1.0, 0.0, 3.0, 4.0]}"
It's So Hard,"{'Rating': [96, 87.0, 75.0, 79.0, 81.0, 81.0, 76.0, 76.0, 78.0, 84.0, 90.0, 88.0, 94.0, 98.0, 100.0], 'RatingChange': [-9.0, -12.0, 4.0, 2.0, 0.0, -5.0, 0.0, 2.0, 6.0, 6.0, -2.0, 6.0, 4.0, 2.0]}"
It Must Be Love,"{'Rating': [76, 74.0, 68.0, 63.0, 57.0, 49.0, 44.0, 39.0, 39.0, 38.0, 37.0, 37.0, 40.0, 47.0, 62.0, 64.0, 75.0, 80.0, 84.0, 89.0], 'RatingChange': [-2.0, -6.0, -5.0, -6.0, -8.0, -5.0, -5.0, 0.0, -1.0, -1.0, 0.0, 3.0, 7.0, 15.0, 2.0, 11.0, 5.0, 4.0, 5.0]}"
It Feels So Good,"{'Rating': [67, 52.0, 30.0, 23.0, 19.0, 17.0, 16.0, 16.0, 14.0, 12.0, 13.0, 13.0, 11.0, 8.0, 10.0, 10.0, 11.0, 14.0, 17.0, 19.0, 21.0, 31.0, 38.0, 49.0], 'RatingChange': [-15.0, -22.0, -7.0, -4.0, -2.0, -1.0, 0.0, -2.0, -2.0, 1.0, 0.0, -2.0, -3.0, 2.0, 0.0, 1.0, 3.0, 3.0, 2.0, 2.0, 10.0, 7.0, 11.0]}"
Loser,"{'Rating': [76, 76.0, 72.0, 69.0, 67.0, 65.0, 55.0, 59.0, 62.0, 61.0, 61.0, 59.0, 61.0, 66.0, 72.0, 76.0, 75.0, 67.0, 73.0, 70.0], 'RatingChange': [0.0, -4.0, -3.0, -2.0, -2.0, -10.0, 4.0, 3.0, -1.0, 0.0, -2.0, 2.0, 5.0, 6.0, 4.0, -1.0, -8.0, 6.0, -3.0]}"
Taking You Home,"{'Rating': [79, 77.0, 74.0, 73.0, 66.0, 62.0, 58.0, 58.0, 61.0, 68.0, 71.0, 71.0, 79.0, 83.0, 85.0, 87.0, 83.0, 90.0, 87.0, 87.0], 'RatingChange': [-2.0, -3.0, -1.0, -7.0, -4.0, -4.0, 0.0, 3.0, 7.0, 3.0, 0.0, 8.0, 4.0, 2.0, 2.0, -4.0, 7.0, -3.0, 0.0]}"
Thong Song,"{'Rating': [74, 63.0, 35.0, 26.0, 26.0, 23.0, 20.0, 16.0, 13.0, 10.0, 6.0, 6.0, 5.0, 4.0, 4.0, 4.0, 3.0, 3.0, 4.0, 3.0, 7.0, 8.0, 13.0, 17.0, 24.0, 31.0, 43.0, 46.0], 'RatingChange': [-11.0, -28.0, -9.0, 0.0, -3.0, -3.0, -4.0, -3.0, -3.0, -4.0, 0.0, -1.0, -1.0, 0.0, 0.0, -1.0, 0.0, 1.0, -1.0, 4.0, 1.0, 5.0, 4.0, 7.0, 7.0, 12.0, 3.0]}"
"Left, Right, Left","{'Rating': [100, 98.0, 89.0, 80.0, 75.0, 73.0, 80.0, 86.0, 91.0, 96.0, 100.0, 98.0, 96.0], 'RatingChange': [-2.0, -9.0, -9.0, -5.0, -2.0, 7.0, 6.0, 5.0, 5.0, 4.0, -2.0, -2.0]}"
www.memory,"{'Rating': [75, 59.0, 59.0, 54.0, 50.0, 49.0, 47.0, 45.0, 49.0, 69.0, 63.0, 67.0, 77.0, 89.0, 99.0], 'RatingChange': [-16.0, 0.0, -5.0, -4.0, -1.0, -2.0, -2.0, 4.0, 20.0, -6.0, 4.0, 10.0, 12.0, 10.0]}"
Wobble Wobble,"{'Rating': [57, 34.0, 25.0, 17.0, 17.0, 31.0, 36.0, 49.0, 53.0, 57.0, 64.0, 70.0, 75.0, 76.0, 78.0, 85.0, 92.0, 96.0], 'RatingChange': [-23.0, -9.0, -8.0, 0.0, 14.0, 5.0, 13.0, 4.0, 4.0, 7.0, 6.0, 5.0, 1.0, 2.0, 7.0, 7.0, 4.0]}"
Incomplete,"{'Rating': [77, 66.0, 61.0, 61.0, 61.0, 55.0, 2.0, 1.0, 1.0, 2.0, 2.0, 4.0, 5.0, 5.0, 7.0, 8.0, 10.0, 10.0, 9.0, 14.0, 17.0, 20.0, 25.0, 31.0, 32.0, 46.0], 'RatingChange': [-11.0, -5.0, 0.0, 0.0, -6.0, -53.0, -1.0, 0.0, 1.0, 0.0, 2.0, 1.0, 0.0, 2.0, 1.0, 2.0, 0.0, -1.0, 5.0, 3.0, 3.0, 5.0, 6.0, 1.0, 14.0]}"
Everything You Want,"{'Rating': [70, 61.0, 53.0, 46.0, 40.0, 33.0, 31.0, 26.0, 22.0, 19.0, 17.0, 15.0, 13.0, 9.0, 9.0, 8.0, 8.0, 6.0, 7.0, 7.0, 8.0, 3.0, 3.0, 6.0, 6.0, 1.0, 2.0, 3.0, 4.0, 7.0, 9.0, 10.0, 18.0, 20.0, 27.0, 29.0, 36.0, 40.0, 50.0, 47.0, 50.0], 'RatingChange': [-9.0, -8.0, -7.0, -6.0, -7.0, -2.0, -5.0, -4.0, -3.0, -2.0, -2.0, -2.0, -4.0, 0.0, -1.0, 0.0, -2.0, 1.0, 0.0, 1.0, -5.0, 0.0, 3.0, 0.0, -5.0, 1.0, 1.0, 1.0, 3.0, 2.0, 1.0, 8.0, 2.0, 7.0, 2.0, 7.0, 4.0, 10.0, -3.0, 3.0]}"
Riddle,"{'Rating': [92, 92.0, 97.0, 100.0], 'RatingChange': [0.0, 5.0, 3.0]}"
Monica,"{'Rating': [95, 87.0, 80.0, 80.0, 77.0, 87.0, 91.0, 91.0, 100.0], 'RatingChange': [-8.0, -7.0, 0.0, -3.0, 10.0, 4.0, 0.0, 9.0]}"
Stay Or Let It Go,"{'Rating': [95, 92.0, 82.0, 78.0, 76.0, 88.0, 100.0, 93.0], 'RatingChange': [-3.0, -10.0, -4.0, -2.0, 12.0, 12.0, -7.0]}"
Liar,"{'Rating': [52, 32.0, 25.0, 17.0, 16.0, 16.0, 14.0, 19.0, 24.0, 33.0, 35.0, 43.0, 54.0, 61.0, 69.0, 75.0, 86.0, 81.0, 94.0, 99.0], 'RatingChange': [-20.0, -7.0, -8.0, -1.0, 0.0, -2.0, 5.0, 5.0, 9.0, 2.0, 8.0, 11.0, 7.0, 8.0, 6.0, 11.0, -5.0, 13.0, 5.0]}"
911,"{'Rating': [77, 74.0, 64.0, 61.0, 53.0, 48.0, 43.0, 38.0, 42.0, 38.0, 44.0, 49.0, 53.0, 61.0, 66.0, 68.0, 80.0, 85.0, 96.0], 'RatingChange': [-3.0, -10.0, -3.0, -8.0, -5.0, -5.0, -5.0, 4.0, -4.0, 6.0, 5.0, 4.0, 8.0, 5.0, 2.0, 12.0, 5.0, 11.0]}"
Learn To Fly,"{'Rating': [80, 69.0, 68.0, 63.0, 60.0, 52.0, 42.0, 32.0, 30.0, 25.0, 22.0, 22.0, 26.0, 20.0, 19.0, 20.0, 26.0, 30.0, 35.0, 42.0, 50.0], 'RatingChange': [-11.0, -1.0, -5.0, -3.0, -8.0, -10.0, -10.0, -2.0, -5.0, -3.0, 0.0, 4.0, -6.0, -1.0, 1.0, 6.0, 4.0, 5.0, 7.0, 8.0]}"
Left & Right,"{'Rating': [93, 77.0, 75.0, 70.0, 91.0], 'RatingChange': [-16.0, -2.0, -5.0, 21.0]}"
Freakin' It,"{'Rating': [99, 99.0, 99.0, 99.0], 'RatingChange': [0.0, 0.0, 0.0]}"
Whatever,"{'Rating': [75, 75.0, 67.0, 73.0, 64.0, 56.0, 54.0, 54.0, 54.0, 48.0, 47.0, 50.0, 60.0, 68.0, 73.0, 81.0, 92.0, 90.0], 'RatingChange': [0.0, -8.0, 6.0, -9.0, -8.0, -2.0, 0.0, 0.0, -6.0, -1.0, 3.0, 10.0, 8.0, 5.0, 8.0, 11.0, -2.0]}"
I Turn To You,"{'Rating': [50, 39.0, 30.0, 28.0, 21.0, 19.0, 20.0, 17.0, 17.0, 17.0, 17.0, 3.0, 3.0, 7.0, 10.0, 17.0, 25.0, 29.0, 29.0, 40.0, 43.0, 50.0], 'RatingChange': [-11.0, -9.0, -2.0, -7.0, -2.0, 1.0, -3.0, 0.0, 0.0, 0.0, -14.0, 0.0, 4.0, 3.0, 7.0, 8.0, 4.0, 0.0, 11.0, 3.0, 7.0]}"
Shake Your Bon-Bon,"{'Rating': [74, 66.0, 52.0, 39.0, 39.0, 39.0, 39.0, 46.0, 47.0, 54.0, 91.0, 28.0, 22.0, 33.0, 46.0, 70.0, 87.0, 93.0], 'RatingChange': [-8.0, -14.0, -13.0, 0.0, 0.0, 0.0, 7.0, 1.0, 7.0, 37.0, -63.0, -6.0, 11.0, 13.0, 24.0, 17.0, 6.0]}"
Some Things Never Change,"{'Rating': [76, 66.0, 66.0, 65.0, 63.0, 60.0, 60.0, 58.0, 58.0, 58.0, 58.0, 59.0, 70.0, 93.0], 'RatingChange': [-10.0, 0.0, -1.0, -2.0, -3.0, 0.0, -2.0, 0.0, 0.0, 0.0, 1.0, 11.0, 23.0]}"
Broadway,"{'Rating': [74, 58.0, 53.0, 42.0, 35.0, 31.0, 29.0, 25.0, 29.0, 26.0, 24.0, 33.0, 46.0, 48.0, 57.0, 62.0, 74.0, 82.0, 85.0, 87.0], 'RatingChange': [-16.0, -5.0, -11.0, -7.0, -4.0, -2.0, -4.0, 4.0, -3.0, -2.0, 9.0, 13.0, 2.0, 9.0, 5.0, 12.0, 8.0, 3.0, 2.0]}"
Auld Lang Syne (The Millenium Mix),"{'Rating': [89, 89.0, 7.0, 8.0, 66.0], 'RatingChange': [0.0, -82.0, 1.0, 58.0]}"
Pop Ya Collar,"{'Rating': [68, 64.0, 60.0, 60.0, 62.0, 79.0, 93.0], 'RatingChange': [-4.0, -4.0, 0.0, 2.0, 17.0, 14.0]}"
All The Small Things,"{'Rating': [89, 76.0, 69.0, 59.0, 59.0, 51.0, 50.0, 35.0, 26.0, 15.0, 7.0, 6.0, 8.0, 8.0, 9.0, 11.0, 14.0, 16.0, 18.0, 23.0, 33.0, 41.0, 43.0], 'RatingChange': [-13.0, -7.0, -10.0, 0.0, -8.0, -1.0, -15.0, -9.0, -11.0, -8.0, -1.0, 2.0, 0.0, 1.0, 2.0, 3.0, 2.0, 2.0, 5.0, 10.0, 8.0, 2.0]}"
Back At One,"{'Rating': [89, 55.0, 51.0, 43.0, 37.0, 37.0, 36.0, 39.0, 42.0, 46.0, 45.0, 52.0, 64.0, 74.0, 84.0, 90.0, 94.0, 99.0], 'RatingChange': [-34.0, -4.0, -8.0, -6.0, 0.0, -1.0, 3.0, 3.0, 4.0, -1.0, 7.0, 12.0, 10.0, 10.0, 6.0, 4.0, 5.0]}"
It's My Life,"{'Rating': [64, 58.0, 51.0, 51.0, 48.0, 45.0, 36.0, 33.0, 34.0, 34.0, 35.0, 34.0, 39.0, 44.0, 51.0, 58.0, 61.0, 84.0, 85.0, 87.0], 'RatingChange': [-6.0, -7.0, 0.0, -3.0, -3.0, -9.0, -3.0, 1.0, 0.0, 1.0, -1.0, 5.0, 5.0, 7.0, 7.0, 3.0, 23.0, 1.0, 2.0]}"
The Next Episode,"{'Rating': [78, 67.0, 58.0, 53.0, 46.0, 41.0, 32.0, 27.0, 26.0, 23.0, 26.0, 27.0, 32.0, 32.0, 44.0, 46.0, 47.0, 50.0, 52.0, 58.0], 'RatingChange': [-11.0, -9.0, -5.0, -7.0, -5.0, -9.0, -5.0, -1.0, -3.0, 3.0, 1.0, 5.0, 0.0, 12.0, 2.0, 1.0, 3.0, 2.0, 6.0]}"
Wifey,"{'Rating': [85, 61.0, 46.0, 40.0, 36.0, 31.0, 25.0, 22.0, 25.0, 24.0, 21.0, 20.0, 19.0, 19.0, 8.0, 7.0, 10.0, 12.0, 21.0, 25.0, 35.0], 'RatingChange': [-24.0, -15.0, -6.0, -4.0, -5.0, -6.0, -3.0, 3.0, -1.0, -3.0, -1.0, -1.0, 0.0, -11.0, -1.0, 3.0, 2.0, 9.0, 4.0, 10.0]}"
What You Want,"{'Rating': [98, 95.0, 95.0, 87.0, 86.0, 79.0, 62.0, 60.0, 58.0, 57.0, 52.0, 55.0, 49.0, 57.0, 62.0, 65.0, 87.0, 89.0, 99.0, 100.0], 'RatingChange': [-3.0, 0.0, -8.0, -1.0, -7.0, -17.0, -2.0, -2.0, -1.0, -5.0, 3.0, -6.0, 8.0, 5.0, 3.0, 22.0, 2.0, 10.0, 1.0]}"
What About Now,"{'Rating': [78, 72.0, 66.0, 64.0, 56.0, 50.0, 47.0, 39.0, 37.0, 34.0, 30.0, 30.0, 35.0, 36.0, 37.0, 43.0, 54.0, 60.0, 61.0, 69.0], 'RatingChange': [-6.0, -6.0, -2.0, -8.0, -6.0, -3.0, -8.0, -2.0, -3.0, -4.0, 0.0, 5.0, 1.0, 1.0, 6.0, 11.0, 6.0, 1.0, 8.0]}"
Straight Up,"{'Rating': [98, 98.0, 97.0, 90.0, 85.0, 83.0, 83.0, 97.0, 98.0], 'RatingChange': [0.0, -1.0, -7.0, -5.0, -2.0, 0.0, 14.0, 1.0]}"
Show Me The Meaning Of Being Lonely,"{'Rating': [74, 62.0, 55.0, 25.0, 16.0, 14.0, 12.0, 10.0, 12.0, 9.0, 7.0, 6.0, 6.0, 6.0, 8.0, 9.0, 13.0, 19.0, 23.0, 26.0, 32.0, 34.0, 45.0, 47.0], 'RatingChange': [-12.0, -7.0, -30.0, -9.0, -2.0, -2.0, -2.0, 2.0, -3.0, -2.0, -1.0, 0.0, 0.0, 2.0, 1.0, 4.0, 6.0, 4.0, 3.0, 6.0, 2.0, 11.0, 2.0]}"
Got Beef,"{'Rating': [99, 99.0], 'RatingChange': [0.0]}"
What I Need To Do,"{'Rating': [79, 74.0, 68.0, 72.0, 69.0, 69.0, 62.0, 58.0, 57.0, 57.0, 56.0, 56.0, 56.0, 72.0, 80.0, 93.0, 95.0], 'RatingChange': [-5.0, -6.0, 4.0, -3.0, 0.0, -7.0, -4.0, -1.0, 0.0, -1.0, 0.0, 0.0, 16.0, 8.0, 13.0, 2.0]}"
Be With You,"{'Rating': [63, 45.0, 34.0, 23.0, 17.0, 12.0, 9.0, 8.0, 8.0, 6.0, 5.0, 4.0, 1.0, 1.0, 1.0, 3.0, 11.0, 14.0, 24.0, 28.0], 'RatingChange': [-18.0, -11.0, -11.0, -6.0, -5.0, -3.0, -1.0, 0.0, -2.0, -1.0, -1.0, -3.0, 0.0, 0.0, 2.0, 8.0, 3.0, 10.0, 4.0]}"
Where I Wanna Be,"{'Rating': [96, 95.0, 99.0, 99.0, 100.0], 'RatingChange': [-1.0, 4.0, 0.0, 1.0]}"
You'll Always Be Loved By Me,"{'Rating': [95, 85.0, 85.0, 85.0, 83.0, 83.0, 82.0, 74.0, 74.0, 68.0, 62.0, 56.0, 56.0, 55.0, 62.0, 71.0, 86.0, 100.0, 98.0], 'RatingChange': [-10.0, 0.0, 0.0, -2.0, 0.0, -1.0, -8.0, 0.0, -6.0, -6.0, -6.0, 0.0, -1.0, 7.0, 9.0, 15.0, 14.0, -2.0]}"
Feelin' Good,"{'Rating': [79, 79.0, 66.0, 54.0, 54.0, 54.0, 54.0, 51.0, 61.0, 79.0, 96.0, 64.0, 74.0, 73.0, 79.0, 82.0, 96.0], 'RatingChange': [0.0, -13.0, -12.0, 0.0, 0.0, 0.0, -3.0, 10.0, 18.0, 17.0, -32.0, 10.0, -1.0, 6.0, 3.0, 14.0]}"
I Think I'm In Love With You,"{'Rating': [63, 52.0, 44.0, 29.0, 25.0, 23.0, 21.0, 21.0, 21.0, 27.0, 38.0, 38.0, 57.0, 74.0, 89.0, 96.0], 'RatingChange': [-11.0, -8.0, -15.0, -4.0, -2.0, -2.0, 0.0, 0.0, 6.0, 11.0, 0.0, 19.0, 17.0, 15.0, 7.0]}"
American Pie,"{'Rating': [43, 35.0, 29.0, 29.0, 33.0, 32.0, 40.0, 58.0, 88.0], 'RatingChange': [-8.0, -6.0, 0.0, 4.0, -1.0, 8.0, 18.0, 30.0]}"
With Arms Wide Open,"{'Rating': [84, 78.0, 76.0, 74.0, 70.0, 68.0, 74.0, 75.0, 69.0, 74.0, 70.0, 79.0, 84.0, 86.0, 76.0, 62.0, 45.0, 29.0, 19.0, 11.0, 10.0, 7.0, 5.0, 3.0, 3.0, 3.0, 1.0, 2.0, 2.0, 3.0, 3.0, 3.0, 4.0, 5.0, 5.0, 5.0, 5.0, 9.0, 12.0, 13.0, 13.0, 17.0, 22.0, 26.0, 28.0, 37.0, 41.0], 'RatingChange': [-6.0, -2.0, -2.0, -4.0, -2.0, 6.0, 1.0, -6.0, 5.0, -4.0, 9.0, 5.0, 2.0, -10.0, -14.0, -17.0, -16.0, -10.0, -8.0, -1.0, -3.0, -2.0, -2.0, 0.0, 0.0, -2.0, 1.0, 0.0, 1.0, 0.0, 0.0, 1.0, 1.0, 0.0, 0.0, 0.0, 4.0, 3.0, 1.0, 0.0, 4.0, 5.0, 4.0, 2.0, 9.0, 4.0]}"
Girls Dem Sugar,"{'Rating': [72, 72.0, 63.0, 56.0, 62.0, 63.0, 54.0, 60.0, 69.0, 75.0, 84.0, 92.0, 85.0, 84.0, 95.0], 'RatingChange': [0.0, -9.0, -7.0, 6.0, 1.0, -9.0, 6.0, 9.0, 6.0, 9.0, 8.0, -7.0, -1.0, 11.0]}"
More,"{'Rating': [84, 84.0, 75.0, 73.0, 73.0, 69.0, 68.0, 65.0, 73.0, 83.0, 92.0], 'RatingChange': [0.0, -9.0, -2.0, 0.0, -4.0, -1.0, -3.0, 8.0, 10.0, 9.0]}"
Rhythm Divine,"{'Rating': [90, 84.0, 79.0, 67.0, 67.0, 39.0, 33.0, 32.0, 38.0, 38.0, 49.0, 51.0, 61.0, 61.0, 66.0, 88.0, 96.0], 'RatingChange': [-6.0, -5.0, -12.0, 0.0, -28.0, -6.0, -1.0, 6.0, 0.0, 11.0, 2.0, 10.0, 0.0, 5.0, 22.0, 8.0]}"
Case Of The Ex (Whatcha Gonna Do),"{'Rating': [72, 57.0, 52.0, 47.0, 42.0, 31.0, 24.0, 18.0, 17.0, 17.0, 17.0, 10.0, 9.0, 9.0, 7.0, 2.0, 2.0, 2.0, 3.0, 4.0, 4.0, 4.0, 4.0, 8.0, 11.0, 15.0, 19.0, 24.0, 23.0, 35.0], 'RatingChange': [-15.0, -5.0, -5.0, -5.0, -11.0, -7.0, -6.0, -1.0, 0.0, 0.0, -7.0, -1.0, 0.0, -2.0, -5.0, 0.0, 0.0, 1.0, 1.0, 0.0, 0.0, 0.0, 4.0, 3.0, 4.0, 4.0, 5.0, -1.0, 12.0]}"
Your Everything,"{'Rating': [81, 80.0, 73.0, 73.0, 67.0, 64.0, 60.0, 59.0, 53.0, 51.0, 55.0, 66.0, 84.0, 90.0, 96.0, 100.0], 'RatingChange': [-1.0, -7.0, 0.0, -6.0, -3.0, -4.0, -1.0, -6.0, -2.0, 4.0, 11.0, 18.0, 6.0, 6.0, 4.0]}"
Pull Over,"{'Rating': [97, 93.0, 96.0, 100.0], 'RatingChange': [-4.0, 3.0, 4.0]}"
Without You,"{'Rating': [80, 70.0, 63.0, 56.0, 50.0, 49.0, 48.0, 46.0, 41.0, 40.0, 35.0, 31.0, 33.0, 44.0, 36.0, 35.0, 37.0, 43.0, 51.0, 54.0], 'RatingChange': [-10.0, -7.0, -7.0, -6.0, -1.0, -1.0, -2.0, -5.0, -1.0, -5.0, -4.0, 2.0, 11.0, -8.0, -1.0, 2.0, 6.0, 8.0, 3.0]}"
I'm Outta Love,"{'Rating': [92, 95.0, 97.0], 'RatingChange': [3.0, 2.0]}"
Just Be A Man About It,"{'Rating': [76, 69.0, 51.0, 42.0, 37.0, 32.0, 32.0, 34.0, 34.0, 38.0, 50.0, 53.0, 53.0, 63.0, 65.0, 72.0, 79.0, 84.0, 89.0, 90.0], 'RatingChange': [-7.0, -18.0, -9.0, -5.0, -5.0, 0.0, 2.0, 0.0, 4.0, 12.0, 3.0, 0.0, 10.0, 2.0, 7.0, 7.0, 5.0, 5.0, 1.0]}"
We Danced,"{'Rating': [71, 68.0, 52.0, 52.0, 45.0, 42.0, 39.0, 34.0, 34.0, 29.0, 36.0, 42.0, 55.0, 53.0, 57.0, 64.0, 72.0, 84.0, 83.0, 86.0], 'RatingChange': [-3.0, -16.0, 0.0, -7.0, -3.0, -3.0, -5.0, 0.0, -5.0, 7.0, 6.0, 13.0, -2.0, 4.0, 7.0, 8.0, 12.0, -1.0, 3.0]}"
Graduation (Friends Forever),"{'Rating': [81, 64.0, 54.0, 54.0, 46.0, 40.0, 40.0, 40.0, 38.0, 42.0, 57.0, 87.0], 'RatingChange': [-17.0, -10.0, 0.0, -8.0, -6.0, 0.0, 0.0, -2.0, 4.0, 15.0, 30.0]}"
My Love Goes On And On,"{'Rating': [99, 94.0, 94.0, 87.0, 84.0, 83.0, 76.0, 76.0, 79.0, 83.0, 91.0], 'RatingChange': [-5.0, 0.0, -7.0, -3.0, -1.0, -7.0, 0.0, 3.0, 4.0, 8.0]}"
I Lost It,"{'Rating': [75, 67.0, 61.0, 58.0, 58.0, 53.0, 47.0, 47.0, 40.0, 34.0, 36.0, 45.0, 42.0, 45.0, 60.0, 70.0, 82.0, 88.0, 89.0, 92.0], 'RatingChange': [-8.0, -6.0, -3.0, 0.0, -5.0, -6.0, 0.0, -7.0, -6.0, 2.0, 9.0, -3.0, 3.0, 15.0, 10.0, 12.0, 6.0, 1.0, 3.0]}"
Otherside,"{'Rating': [80, 72.0, 65.0, 52.0, 51.0, 49.0, 40.0, 37.0, 32.0, 29.0, 29.0, 29.0, 29.0, 24.0, 18.0, 14.0, 15.0, 16.0, 19.0, 22.0, 29.0, 45.0], 'RatingChange': [-8.0, -7.0, -13.0, -1.0, -2.0, -9.0, -3.0, -5.0, -3.0, 0.0, 0.0, 0.0, -5.0, -6.0, -4.0, 1.0, 1.0, 3.0, 3.0, 7.0, 16.0]}"
You Won't Be Lonely Now,"{'Rating': [97, 97.0, 97.0, 92.0, 91.0, 88.0, 85.0, 80.0, 82.0, 80.0, 80.0, 89.0, 95.0], 'RatingChange': [0.0, 0.0, -5.0, -1.0, -3.0, -3.0, -5.0, 2.0, -2.0, 0.0, 9.0, 6.0]}"
A Country Boy Can Survive,"{'Rating': [93, 75.0, 92.0], 'RatingChange': [-18.0, 17.0]}"
Meanwhile Back At The Ranch,"{'Rating': [87, 86.0, 81.0, 92.0, 80.0, 80.0, 82.0, 84.0, 82.0, 81.0, 85.0, 91.0], 'RatingChange': [-1.0, -5.0, 11.0, -12.0, 0.0, 2.0, 2.0, -2.0, -1.0, 4.0, 6.0]}"
Party Up (Up In Here),"{'Rating': [88, 74.0, 62.0, 56.0, 49.0, 44.0, 38.0, 32.0, 27.0, 27.0, 27.0, 27.0, 27.0, 28.0, 28.0, 33.0, 35.0, 42.0, 44.0, 46.0, 43.0], 'RatingChange': [-14.0, -12.0, -6.0, -7.0, -5.0, -6.0, -6.0, -5.0, 0.0, 0.0, 0.0, 0.0, 1.0, 0.0, 5.0, 2.0, 7.0, 2.0, 2.0, -3.0]}"
That Other Woman,"{'Rating': [80, 72.0, 66.0, 66.0, 64.0, 76.0, 65.0, 66.0, 75.0, 85.0, 97.0], 'RatingChange': [-8.0, -6.0, 0.0, -2.0, 12.0, -11.0, 1.0, 9.0, 10.0, 12.0]}"
Best Of Intentions,"{'Rating': [97, 86.0, 79.0, 70.0, 63.0, 56.0, 50.0, 48.0, 51.0, 38.0, 33.0, 31.0, 28.0, 28.0, 28.0, 27.0, 29.0, 31.0, 37.0, 45.0, 49.0, 48.0], 'RatingChange': [-11.0, -7.0, -9.0, -7.0, -7.0, -6.0, -2.0, 3.0, -13.0, -5.0, -2.0, -3.0, 0.0, 0.0, -1.0, 2.0, 2.0, 6.0, 8.0, 4.0, -1.0]}"
Higher,"{'Rating': [81, 77.0, 73.0, 63.0, 61.0, 58.0, 56.0, 52.0, 56.0, 57.0, 57.0, 57.0, 57.0, 57.0, 60.0, 61.0, 61.0, 57.0, 60.0, 61.0, 43.0, 41.0, 34.0, 28.0, 25.0, 23.0, 22.0, 16.0, 16.0, 18.0, 14.0, 13.0, 13.0, 11.0, 11.0, 9.0, 9.0, 7.0, 7.0, 9.0, 9.0, 12.0, 14.0, 16.0, 17.0, 17.0, 21.0, 26.0, 29.0, 32.0, 39.0, 39.0, 43.0, 47.0, 50.0, 50.0, 49.0], 'RatingChange': [-4.0, -4.0, -10.0, -2.0, -3.0, -2.0, -4.0, 4.0, 1.0, 0.0, 0.0, 0.0, 0.0, 3.0, 1.0, 0.0, -4.0, 3.0, 1.0, -18.0, -2.0, -7.0, -6.0, -3.0, -2.0, -1.0, -6.0, 0.0, 2.0, -4.0, -1.0, 0.0, -2.0, 0.0, -2.0, 0.0, -2.0, 0.0, 2.0, 0.0, 3.0, 2.0, 2.0, 1.0, 0.0, 4.0, 5.0, 3.0, 3.0, 7.0, 0.0, 4.0, 4.0, 3.0, 0.0, -1.0]}"
Born To Fly,"{'Rating': [77, 71.0, 64.0, 57.0, 55.0, 51.0, 46.0, 44.0, 36.0, 39.0, 34.0, 46.0, 44.0, 36.0, 42.0, 53.0, 58.0, 74.0, 81.0, 86.0], 'RatingChange': [-6.0, -7.0, -7.0, -2.0, -4.0, -5.0, -2.0, -8.0, 3.0, -5.0, 12.0, -2.0, -8.0, 6.0, 11.0, 5.0, 16.0, 7.0, 5.0]}"
I Wanna Know,"{'Rating': [94, 86.0, 69.0, 50.0, 41.0, 33.0, 32.0, 28.0, 28.0, 27.0, 27.0, 25.0, 23.0, 20.0, 17.0, 15.0, 14.0, 11.0, 11.0, 14.0, 11.0, 11.0, 10.0, 12.0, 10.0, 6.0, 4.0, 5.0, 4.0, 5.0, 5.0, 7.0, 6.0, 8.0, 5.0, 6.0, 9.0, 9.0, 8.0, 14.0, 16.0, 20.0, 32.0, 45.0], 'RatingChange': [-8.0, -17.0, -19.0, -9.0, -8.0, -1.0, -4.0, 0.0, -1.0, 0.0, -2.0, -2.0, -3.0, -3.0, -2.0, -1.0, -3.0, 0.0, 3.0, -3.0, 0.0, -1.0, 2.0, -2.0, -4.0, -2.0, 1.0, -1.0, 1.0, 0.0, 2.0, -1.0, 2.0, -3.0, 1.0, 3.0, 0.0, -1.0, 6.0, 2.0, 4.0, 12.0, 13.0]}"
Independent Women Part I,"{'Rating': [78, 63.0, 49.0, 33.0, 23.0, 15.0, 7.0, 5.0, 1.0, 1.0, 1.0, 1.0, 1.0, 1.0, 1.0, 1.0, 1.0, 1.0, 1.0, 2.0, 3.0, 7.0, 10.0, 12.0, 15.0, 22.0, 29.0, 31.0], 'RatingChange': [-15.0, -14.0, -16.0, -10.0, -8.0, -8.0, -2.0, -4.0, 0.0, 0.0, 0.0, 0.0, 0.0, 0.0, 0.0, 0.0, 0.0, 0.0, 1.0, 1.0, 4.0, 3.0, 2.0, 3.0, 7.0, 7.0, 2.0]}"
N 2 Gether Now,"{'Rating': [94, 88.0, 85.0, 78.0, 78.0, 73.0, 84.0, 86.0, 90.0, 97.0, 96.0], 'RatingChange': [-6.0, -3.0, -7.0, 0.0, -5.0, 11.0, 2.0, 4.0, 7.0, -1.0]}"
One Night Stand,"{'Rating': [96, 96.0, 69.0, 74.0, 72.0, 62.0, 49.0, 45.0, 38.0, 34.0, 38.0, 45.0, 47.0, 58.0, 68.0, 88.0, 99.0], 'RatingChange': [0.0, -27.0, 5.0, -2.0, -10.0, -13.0, -4.0, -7.0, -4.0, 4.0, 7.0, 2.0, 11.0, 10.0, 20.0, 11.0]}"
Dancing Queen,"{'Rating': [97, 97.0, 96.0, 95.0, 100.0], 'RatingChange': [0.0, -1.0, -1.0, 5.0]}"
Can't Stay,"{'Rating': [84, 84.0, 93.0, 98.0], 'RatingChange': [0.0, 9.0, 5.0]}"
Dancin',"{'Rating': [46, 29.0, 19.0, 22.0, 36.0, 44.0, 58.0, 58.0, 68.0, 75.0, 94.0], 'RatingChange': [-17.0, -10.0, 3.0, 14.0, 8.0, 14.0, 0.0, 10.0, 7.0, 19.0]}"
I Wish,"{'Rating': [75, 64.0, 48.0, 39.0, 32.0, 28.0, 24.0, 20.0, 22.0, 21.0, 22.0, 26.0, 23.0, 24.0, 27.0, 28.0, 42.0, 44.0, 52.0, 67.0], 'RatingChange': [-11.0, -16.0, -9.0, -7.0, -4.0, -4.0, -4.0, 2.0, -1.0, 1.0, 4.0, -3.0, 1.0, 3.0, 1.0, 14.0, 2.0, 8.0, 15.0]}"
Cold Day In July,"{'Rating': [80, 79.0, 76.0, 72.0, 68.0, 68.0, 65.0, 70.0, 84.0, 91.0], 'RatingChange': [-1.0, -3.0, -4.0, -4.0, 0.0, -3.0, 5.0, 14.0, 7.0]}"
Re-Arranged,"{'Rating': [91, 91.0, 90.0, 95.0, 95.0, 99.0, 96.0, 96.0, 92.0, 88.0, 89.0, 93.0, 91.0, 91.0, 89.0, 90.0, 93.0, 100.0], 'RatingChange': [0.0, -1.0, 5.0, 0.0, 4.0, -3.0, 0.0, -4.0, -4.0, 1.0, 4.0, -2.0, 0.0, -2.0, 1.0, 3.0, 7.0]}"
Been There,"{'Rating': [87, 73.0, 62.0, 58.0, 58.0, 57.0, 51.0, 47.0, 44.0, 44.0, 44.0, 55.0, 53.0, 53.0, 63.0, 84.0, 85.0, 87.0, 95.0, 100.0], 'RatingChange': [-14.0, -11.0, -4.0, 0.0, -1.0, -6.0, -4.0, -3.0, 0.0, 0.0, 11.0, -2.0, 0.0, 10.0, 21.0, 1.0, 2.0, 8.0, 5.0]}"
Who Let The Dogs Out,"{'Rating': [99, 92.0, 85.0, 76.0, 65.0, 54.0, 61.0, 58.0, 54.0, 54.0, 53.0, 53.0, 43.0, 40.0, 44.0, 41.0, 51.0, 65.0, 78.0, 84.0], 'RatingChange': [-7.0, -7.0, -9.0, -11.0, -11.0, 7.0, -3.0, -4.0, 0.0, -1.0, 0.0, -10.0, -3.0, 4.0, -3.0, 10.0, 14.0, 13.0, 6.0]}"
I'll Be,"{'Rating': [89, 79.0, 79.0, 72.0, 69.0, 64.0, 61.0, 57.0, 55.0, 55.0, 52.0, 51.0, 53.0, 60.0, 81.0, 84.0, 93.0, 91.0, 94.0, 100.0], 'RatingChange': [-10.0, 0.0, -7.0, -3.0, -5.0, -3.0, -4.0, -2.0, 0.0, -3.0, -1.0, 2.0, 7.0, 21.0, 3.0, 9.0, -2.0, 3.0, 6.0]}"
The Itch,"{'Rating': [86, 48.0, 45.0, 52.0, 57.0, 58.0, 76.0, 95.0, 100.0], 'RatingChange': [-38.0, -3.0, 7.0, 5.0, 1.0, 18.0, 19.0, 5.0]}"
Could I Have This Kiss Forever,"{'Rating': [74, 68.0, 68.0, 67.0, 59.0, 59.0, 60.0, 52.0, 54.0, 56.0, 59.0, 70.0, 69.0, 81.0, 87.0, 95.0, 98.0, 100.0, 97.0], 'RatingChange': [-6.0, 0.0, -1.0, -8.0, 0.0, 1.0, -8.0, 2.0, 2.0, 3.0, 11.0, -1.0, 12.0, 6.0, 8.0, 3.0, 2.0, -3.0]}"
Baby U Are,"{'Rating': [96, 89.0, 92.0, 96.0, 96.0], 'RatingChange': [-7.0, 3.0, 4.0, 0.0]}"
No Leaf Clover (Live),"{'Rating': [86, 81.0, 78.0, 76.0, 74.0, 80.0, 86.0, 93.0, 95.0, 95.0], 'RatingChange': [-5.0, -3.0, -2.0, -2.0, 6.0, 6.0, 7.0, 2.0, 0.0]}"
Real Live Woman,"{'Rating': [85, 83.0, 83.0, 82.0, 81.0, 91.0], 'RatingChange': [-2.0, 0.0, -1.0, -1.0, 10.0]}"
The Bad Touch,"{'Rating': [70, 62.0, 55.0, 55.0, 52.0, 57.0, 72.0, 80.0, 82.0, 92.0, 96.0, 98.0], 'RatingChange': [-8.0, -7.0, 0.0, -3.0, 5.0, 15.0, 8.0, 2.0, 10.0, 4.0, 2.0]}"
Kiss This,"{'Rating': [74, 72.0, 66.0, 53.0, 52.0, 47.0, 47.0, 45.0, 42.0, 46.0, 51.0, 60.0, 68.0, 69.0, 78.0, 94.0, 87.0, 92.0, 97.0, 99.0], 'RatingChange': [-2.0, -6.0, -13.0, -1.0, -5.0, 0.0, -2.0, -3.0, 4.0, 5.0, 9.0, 8.0, 1.0, 9.0, 16.0, -7.0, 5.0, 5.0, 2.0]}"
Can't Go For That,"{'Rating': [90, 86.0, 84.0, 88.0, 97.0], 'RatingChange': [-4.0, -2.0, 4.0, 9.0]}"
One Voice,"{'Rating': [86, 86.0, 82.0, 72.0, 65.0, 56.0, 56.0, 55.0, 44.0, 44.0, 43.0, 38.0, 40.0, 44.0, 61.0, 77.0, 85.0, 95.0, 97.0], 'RatingChange': [0.0, -4.0, -10.0, -7.0, -9.0, 0.0, -1.0, -11.0, 0.0, -1.0, -5.0, 2.0, 4.0, 17.0, 16.0, 8.0, 10.0, 2.0]}"
Let's Make Love,"{'Rating': [83, 83.0, 73.0, 73.0, 67.0, 60.0, 60.0, 60.0, 57.0, 55.0, 54.0, 69.0, 88.0, 91.0], 'RatingChange': [0.0, -10.0, 0.0, -6.0, -7.0, 0.0, 0.0, -3.0, -2.0, -1.0, 15.0, 19.0, 3.0]}"
Get It On.. Tonite,"{'Rating': [92, 80.0, 72.0, 69.0, 67.0, 61.0, 54.0, 43.0, 38.0, 24.0, 24.0, 20.0, 19.0, 15.0, 15.0, 5.0, 4.0, 4.0, 7.0, 10.0, 5.0, 9.0, 9.0, 7.0, 9.0, 10.0, 10.0, 15.0, 18.0, 23.0, 30.0, 42.0], 'RatingChange': [-12.0, -8.0, -3.0, -2.0, -6.0, -7.0, -11.0, -5.0, -14.0, 0.0, -4.0, -1.0, -4.0, 0.0, -10.0, -1.0, 0.0, 3.0, 3.0, -5.0, 4.0, 0.0, -2.0, 2.0, 1.0, 0.0, 5.0, 3.0, 5.0, 7.0, 12.0]}"
Never Let You Go,"{'Rating': [65, 32.0, 25.0, 24.0, 23.0, 22.0, 22.0, 21.0, 19.0, 16.0, 14.0, 16.0, 16.0, 17.0, 18.0, 21.0, 22.0, 25.0, 27.0, 33.0, 45.0, 46.0], 'RatingChange': [-33.0, -7.0, -1.0, -1.0, -1.0, 0.0, -1.0, -2.0, -3.0, -2.0, 2.0, 0.0, 1.0, 1.0, 3.0, 1.0, 3.0, 2.0, 6.0, 12.0, 1.0]}"
There U Go,"{'Rating': [25, 15.0, 12.0, 11.0, 11.0, 7.0, 7.0, 12.0, 14.0, 15.0, 15.0, 17.0, 19.0, 16.0, 15.0, 14.0, 12.0, 10.0, 10.0, 10.0, 8.0, 9.0, 12.0, 16.0, 20.0, 22.0, 33.0, 39.0, 39.0, 41.0, 46.0, 44.0], 'RatingChange': [-10.0, -3.0, -1.0, 0.0, -4.0, 0.0, 5.0, 2.0, 1.0, 0.0, 2.0, 2.0, -3.0, -1.0, -1.0, -2.0, -2.0, 0.0, 0.0, -2.0, 1.0, 3.0, 4.0, 4.0, 2.0, 11.0, 6.0, 0.0, 2.0, 5.0, -2.0]}"
Put Your Hand In Mine,"{'Rating': [81, 77.0, 76.0, 76.0, 86.0, 88.0, 92.0, 99.0], 'RatingChange': [-4.0, -1.0, 0.0, 10.0, 2.0, 4.0, 7.0]}"
It's Always Somethin',"{'Rating': [81, 78.0, 67.0, 63.0, 60.0, 57.0, 63.0, 69.0, 78.0, 85.0, 92.0, 92.0, 99.0, 100.0], 'RatingChange': [-3.0, -11.0, -4.0, -3.0, -3.0, 6.0, 6.0, 9.0, 7.0, 7.0, 0.0, 7.0, 1.0]}"
He Loves U Not,"{'Rating': [99, 92.0, 81.0, 59.0, 47.0, 42.0, 32.0, 27.0, 18.0, 18.0, 11.0, 8.0, 5.0, 2.0, 2.0, 3.0, 3.0, 3.0, 7.0, 9.0, 10.0, 11.0, 10.0, 19.0, 23.0, 28.0, 38.0, 46.0], 'RatingChange': [-7.0, -11.0, -22.0, -12.0, -5.0, -10.0, -5.0, -9.0, 0.0, -7.0, -3.0, -3.0, -3.0, 0.0, 1.0, 0.0, 0.0, 4.0, 2.0, 1.0, 1.0, -1.0, 9.0, 4.0, 5.0, 10.0, 8.0]}"
As We Lay,"{'Rating': [82, 69.0, 69.0, 64.0, 71.0, 79.0, 82.0, 89.0], 'RatingChange': [-13.0, 0.0, -5.0, 7.0, 8.0, 3.0, 7.0]}"
No Me Dejes De Querer,"{'Rating': [77], 'RatingChange': []}"
When You Need My Love,"{'Rating': [98, 88.0, 93.0, 92.0, 85.0, 85.0, 84.0, 80.0, 80.0, 80.0, 80.0, 75.0, 78.0, 86.0, 99.0], 'RatingChange': [-10.0, 5.0, -1.0, -7.0, 0.0, -1.0, -4.0, 0.0, 0.0, 0.0, -5.0, 3.0, 8.0, 13.0]}"
None Of Ur Friends Business,"{'Rating': [94, 84.0, 71.0, 71.0, 60.0, 63.0, 48.0, 48.0, 48.0, 55.0, 64.0, 71.0, 85.0, 85.0, 92.0], 'RatingChange': [-10.0, -13.0, 0.0, -11.0, 3.0, -15.0, 0.0, 0.0, 7.0, 9.0, 7.0, 14.0, 0.0, 7.0]}"
Shackles (Praise You),"{'Rating': [90, 76.0, 72.0, 54.0, 43.0, 37.0, 34.0, 28.0, 33.0, 30.0, 31.0, 39.0, 43.0, 53.0, 60.0, 70.0, 71.0, 76.0, 84.0, 94.0], 'RatingChange': [-14.0, -4.0, -18.0, -11.0, -6.0, -3.0, -6.0, 5.0, -3.0, 1.0, 8.0, 4.0, 10.0, 7.0, 10.0, 1.0, 5.0, 8.0, 10.0]}"
Original Prankster,"{'Rating': [74, 71.0, 70.0, 70.0, 77.0, 78.0, 91.0, 89.0, 92.0], 'RatingChange': [-3.0, -1.0, 0.0, 7.0, 1.0, 13.0, -2.0, 3.0]}"
Someday Out Of The Blue,"{'Rating': [56, 56.0, 49.0, 59.0, 67.0, 60.0, 64.0, 73.0, 81.0, 90.0, 93.0, 89.0, 98.0, 94.0, 99.0], 'RatingChange': [0.0, -7.0, 10.0, 8.0, -7.0, 4.0, 9.0, 8.0, 9.0, 3.0, -4.0, 9.0, -4.0, 5.0]}"
"Same Script, Different Cast","{'Rating': [71, 71.0, 71.0, 71.0, 70.0, 75.0, 77.0, 88.0, 91.0], 'RatingChange': [0.0, 0.0, 0.0, -1.0, 5.0, 2.0, 11.0, 3.0]}"
West Side Story,"{'Rating': [96, 84.0, 88.0, 96.0], 'RatingChange': [-12.0, 4.0, 8.0]}"
The Chain Of Love,"{'Rating': [73, 65.0, 57.0, 57.0, 51.0, 48.0, 44.0, 43.0, 40.0, 45.0, 44.0, 53.0, 57.0, 68.0, 71.0, 81.0, 90.0, 94.0, 94.0, 95.0], 'RatingChange': [-8.0, -8.0, 0.0, -6.0, -3.0, -4.0, -1.0, -3.0, 5.0, -1.0, 9.0, 4.0, 11.0, 3.0, 10.0, 9.0, 4.0, 0.0, 1.0]}"
Caught Out There,"{'Rating': [84, 68.0, 67.0, 63.0, 63.0, 54.0, 56.0, 59.0, 68.0, 67.0, 75.0, 90.0], 'RatingChange': [-16.0, -1.0, -4.0, 0.0, -9.0, 2.0, 3.0, 9.0, -1.0, 8.0, 15.0]}"
Don't Say You Love Me,"{'Rating': [72, 53.0, 62.0, 46.0, 54.0, 44.0, 44.0, 21.0, 64.0, 92.0, 98.0, 98.0], 'RatingChange': [-19.0, 9.0, -16.0, 8.0, -10.0, 0.0, -23.0, 43.0, 28.0, 6.0, 0.0]}"
Tha Block Is Hot,"{'Rating': [99, 89.0, 92.0, 84.0, 84.0, 72.0, 81.0, 81.0, 86.0, 87.0, 95.0], 'RatingChange': [-10.0, 3.0, -8.0, 0.0, -12.0, 9.0, 0.0, 5.0, 1.0, 8.0]}"
Mirror Mirror,"{'Rating': [87, 87.0, 94.0, 91.0, 75.0, 68.0, 65.0, 86.0, 62.0, 70.0, 74.0, 70.0, 70.0, 80.0, 82.0, 87.0, 90.0, 96.0], 'RatingChange': [0.0, 7.0, -3.0, -16.0, -7.0, -3.0, 21.0, -24.0, 8.0, 4.0, -4.0, 0.0, 10.0, 2.0, 5.0, 3.0, 6.0]}"
I Need A Hot Girl,"{'Rating': [77, 75.0, 71.0, 65.0, 65.0, 70.0, 69.0, 77.0, 79.0, 90.0, 92.0, 95.0, 100.0], 'RatingChange': [-2.0, -4.0, -6.0, 0.0, 5.0, -1.0, 8.0, 2.0, 11.0, 2.0, 3.0, 5.0]}"
Do You,"{'Rating': [92, 92.0, 95.0, 91.0, 91.0, 94.0, 100.0], 'RatingChange': [0.0, 3.0, -4.0, 0.0, 3.0, 6.0]}"
What A Girl Wants,"{'Rating': [71, 51.0, 28.0, 18.0, 13.0, 13.0, 11.0, 1.0, 1.0, 2.0, 2.0, 3.0, 3.0, 4.0, 12.0, 11.0, 13.0, 15.0, 18.0, 20.0, 30.0, 40.0, 39.0, 44.0], 'RatingChange': [-20.0, -23.0, -10.0, -5.0, 0.0, -2.0, -10.0, 0.0, 1.0, 0.0, 1.0, 0.0, 1.0, 8.0, -1.0, 2.0, 2.0, 3.0, 2.0, 10.0, 10.0, -1.0, 5.0]}"
Smoke Rings In The Dark,"{'Rating': [80, 78.0, 76.0, 77.0, 92.0], 'RatingChange': [-2.0, -2.0, 1.0, 15.0]}"
Yes!,"{'Rating': [90, 77.0, 66.0, 61.0, 59.0, 47.0, 39.0, 33.0, 32.0, 31.0, 28.0, 27.0, 22.0, 27.0, 31.0, 39.0, 45.0, 50.0, 53.0, 59.0], 'RatingChange': [-13.0, -11.0, -5.0, -2.0, -12.0, -8.0, -6.0, -1.0, -1.0, -3.0, -1.0, -5.0, 5.0, 4.0, 8.0, 6.0, 5.0, 3.0, 6.0]}"
Thank God I Found You,"{'Rating': [82, 68.0, 50.0, 50.0, 41.0, 37.0, 26.0, 22.0, 22.0, 2.0, 1.0, 2.0, 4.0, 13.0, 21.0, 28.0, 43.0, 57.0, 82.0, 89.0], 'RatingChange': [-14.0, -18.0, 0.0, -9.0, -4.0, -11.0, -4.0, 0.0, -20.0, -1.0, 1.0, 2.0, 9.0, 8.0, 7.0, 15.0, 14.0, 25.0, 7.0]}"
The Light,"{'Rating': [75, 55.0, 53.0, 49.0, 46.0, 44.0, 49.0, 51.0, 51.0, 56.0, 52.0, 56.0, 70.0, 82.0, 86.0, 89.0, 93.0, 93.0, 99.0], 'RatingChange': [-20.0, -2.0, -4.0, -3.0, -2.0, 5.0, 2.0, 0.0, 5.0, -4.0, 4.0, 14.0, 12.0, 4.0, 3.0, 4.0, 0.0, 6.0]}"
How Do You Like Me Now?!,"{'Rating': [77, 72.0, 59.0, 53.0, 45.0, 43.0, 41.0, 36.0, 36.0, 32.0, 31.0, 31.0, 35.0, 35.0, 38.0, 43.0, 45.0, 51.0, 52.0, 54.0], 'RatingChange': [-5.0, -13.0, -6.0, -8.0, -2.0, -2.0, -5.0, 0.0, -4.0, -1.0, 0.0, 4.0, 0.0, 3.0, 5.0, 2.0, 6.0, 1.0, 2.0]}"
Just Another Day In Paradise,"{'Rating': [81, 81.0, 76.0, 67.0, 53.0, 46.0, 43.0, 38.0, 36.0, 35.0, 43.0, 41.0, 46.0, 51.0, 62.0, 58.0, 63.0, 70.0, 74.0, 79.0], 'RatingChange': [0.0, -5.0, -9.0, -14.0, -7.0, -3.0, -5.0, -2.0, -1.0, 8.0, -2.0, 5.0, 5.0, 11.0, -4.0, 5.0, 7.0, 4.0, 5.0]}"
Music,"{'Rating': [41, 23.0, 18.0, 14.0, 2.0, 1.0, 1.0, 1.0, 1.0, 2.0, 2.0, 2.0, 2.0, 2.0, 4.0, 8.0, 11.0, 16.0, 20.0, 25.0, 27.0, 27.0, 29.0, 44.0], 'RatingChange': [-18.0, -5.0, -4.0, -12.0, -1.0, 0.0, 0.0, 0.0, 1.0, 0.0, 0.0, 0.0, 0.0, 2.0, 4.0, 3.0, 5.0, 4.0, 5.0, 2.0, 0.0, 2.0, 15.0]}"
What's My Name,"{'Rating': [98, 76.0, 69.0, 69.0, 67.0, 73.0, 76.0, 90.0, 90.0, 94.0, 100.0], 'RatingChange': [-22.0, -7.0, 0.0, -2.0, 6.0, 3.0, 14.0, 0.0, 4.0, 6.0]}"
Shape Of My Heart,"{'Rating': [39, 25.0, 24.0, 15.0, 12.0, 12.0, 10.0, 9.0, 10.0, 12.0, 17.0, 19.0, 29.0, 26.0, 24.0, 31.0, 52.0, 63.0, 62.0, 70.0], 'RatingChange': [-14.0, -1.0, -9.0, -3.0, 0.0, -2.0, -1.0, 1.0, 2.0, 5.0, 2.0, 10.0, -3.0, -2.0, 7.0, 21.0, 11.0, -1.0, 8.0]}"
No More Rain (In This Cloud),"{'Rating': [86, 86.0, 74.0, 66.0, 56.0, 60.0, 56.0, 60.0, 67.0, 69.0, 63.0, 73.0, 71.0, 81.0, 89.0, 98.0, 100.0], 'RatingChange': [0.0, -12.0, -8.0, -10.0, 4.0, -4.0, 4.0, 7.0, 2.0, -6.0, 10.0, -2.0, 10.0, 8.0, 9.0, 2.0]}"
Do What You Gotta Do,"{'Rating': [86, 81.0, 72.0, 70.0, 69.0, 77.0], 'RatingChange': [-5.0, -9.0, -2.0, -1.0, 8.0]}"
Californication,"{'Rating': [72, 72.0, 72.0, 77.0, 79.0, 77.0, 75.0, 84.0, 85.0, 79.0, 74.0, 69.0, 74.0, 75.0, 77.0, 71.0, 78.0, 89.0, 97.0], 'RatingChange': [0.0, 0.0, 5.0, 2.0, -2.0, -2.0, 9.0, 1.0, -6.0, -5.0, -5.0, 5.0, 1.0, 2.0, -6.0, 7.0, 11.0, 8.0]}"
(Hot S**t) Country Grammar,"{'Rating': [100, 99.0, 96.0, 76.0, 55.0, 37.0, 24.0, 24.0, 30.0, 36.0, 37.0, 30.0, 23.0, 21.0, 17.0, 17.0, 15.0, 11.0, 11.0, 10.0, 7.0, 7.0, 8.0, 10.0, 11.0, 12.0, 12.0, 17.0, 19.0, 23.0, 33.0, 37.0, 36.0, 49.0], 'RatingChange': [-1.0, -3.0, -20.0, -21.0, -18.0, -13.0, 0.0, 6.0, 6.0, 1.0, -7.0, -7.0, -2.0, -4.0, 0.0, -2.0, -4.0, 0.0, -1.0, -3.0, 0.0, 1.0, 2.0, 1.0, 1.0, 0.0, 5.0, 2.0, 4.0, 10.0, 4.0, -1.0, 13.0]}"
U Don't Love Me,"{'Rating': [81, 64.0, 62.0, 67.0, 70.0, 70.0, 75.0, 87.0, 89.0, 100.0], 'RatingChange': [-17.0, -2.0, 5.0, 3.0, 0.0, 5.0, 12.0, 2.0, 11.0]}"
Imagine That,"{'Rating': [99, 98.0], 'RatingChange': [-1.0]}"
Separated,"{'Rating': [62, 32.0, 30.0, 23.0, 26.0, 30.0, 35.0, 32.0, 32.0, 25.0, 23.0, 28.0, 27.0, 29.0, 27.0, 31.0, 31.0, 33.0, 40.0, 51.0], 'RatingChange': [-30.0, -2.0, -7.0, 3.0, 4.0, 5.0, -3.0, 0.0, -7.0, -2.0, 5.0, -1.0, 2.0, -2.0, 4.0, 0.0, 2.0, 7.0, 11.0]}"
No Matter What They Say,"{'Rating': [80, 72.0, 67.0, 60.0, 65.0, 73.0, 81.0, 86.0, 90.0, 97.0], 'RatingChange': [-8.0, -5.0, -7.0, 5.0, 8.0, 8.0, 5.0, 4.0, 7.0]}"
What's Your Fantasy,"{'Rating': [89, 83.0, 63.0, 55.0, 49.0, 40.0, 33.0, 32.0, 30.0, 25.0, 22.0, 21.0, 24.0, 24.0, 24.0, 27.0, 25.0, 34.0, 32.0, 35.0, 41.0, 47.0], 'RatingChange': [-6.0, -20.0, -8.0, -6.0, -9.0, -7.0, -1.0, -2.0, -5.0, -3.0, -1.0, 3.0, 0.0, 0.0, 3.0, -2.0, 9.0, -2.0, 3.0, 6.0, 6.0]}"
Get Up,"{'Rating': [100, 97.0, 97.0], 'RatingChange': [-3.0, 0.0]}"
What Means The World To You,"{'Rating': [94, 94.0, 96.0, 91.0, 84.0, 83.0, 88.0, 87.0, 95.0, 92.0], 'RatingChange': [0.0, 2.0, -5.0, -7.0, -1.0, 5.0, -1.0, 8.0, -3.0]}"
Anything,"{'Rating': [72, 58.0, 55.0, 55.0, 63.0, 74.0, 86.0, 92.0], 'RatingChange': [-14.0, -3.0, 0.0, 8.0, 11.0, 12.0, 6.0]}"
3 Little Words,"{'Rating': [97, 97.0, 89.0, 89.0, 94.0, 90.0, 99.0, 97.0, 98.0], 'RatingChange': [0.0, -8.0, 0.0, 5.0, -4.0, 9.0, -2.0, 1.0]}"
Pinch Me,"{'Rating': [77, 76.0, 69.0, 45.0, 51.0, 37.0, 33.0, 29.0, 26.0, 25.0, 16.0, 15.0, 15.0, 19.0, 19.0, 20.0, 22.0, 20.0, 21.0, 34.0, 44.0], 'RatingChange': [-1.0, -7.0, -24.0, 6.0, -14.0, -4.0, -4.0, -3.0, -1.0, -9.0, -1.0, 0.0, 4.0, 0.0, 1.0, 2.0, -2.0, 1.0, 13.0, 10.0]}"
Breathe And Stop,"{'Rating': [71, 71.0, 81.0, 82.0, 96.0], 'RatingChange': [0.0, 10.0, 1.0, 14.0]}"
Dance Tonight,"{'Rating': [80, 75.0, 63.0, 59.0, 55.0, 49.0, 42.0, 42.0, 40.0, 40.0, 36.0, 43.0, 46.0, 54.0, 72.0, 84.0, 84.0, 86.0, 92.0], 'RatingChange': [-5.0, -12.0, -4.0, -4.0, -6.0, -7.0, 0.0, -2.0, 0.0, -4.0, 7.0, 3.0, 8.0, 18.0, 12.0, 0.0, 2.0, 6.0]}"
No More,"{'Rating': [76, 38.0, 19.0, 17.0, 12.0, 15.0, 12.0, 10.0, 7.0, 5.0, 8.0, 8.0, 10.0, 12.0, 14.0, 15.0, 19.0, 23.0, 21.0, 18.0, 19.0, 22.0, 23.0, 24.0, 33.0, 38.0], 'RatingChange': [-38.0, -19.0, -2.0, -5.0, 3.0, -3.0, -2.0, -3.0, -2.0, 3.0, 0.0, 2.0, 2.0, 2.0, 1.0, 4.0, 4.0, -2.0, -3.0, 1.0, 3.0, 1.0, 1.0, 9.0, 5.0]}"
A Puro Dolor (Purest Of Pain),"{'Rating': [80, 80.0, 80.0, 79.0, 72.0, 73.0, 65.0, 64.0, 60.0, 60.0, 48.0, 48.0, 48.0, 43.0, 35.0, 32.0, 30.0, 32.0, 37.0, 26.0, 31.0, 28.0, 30.0, 32.0, 39.0, 35.0], 'RatingChange': [0.0, 0.0, -1.0, -7.0, 1.0, -8.0, -1.0, -4.0, 0.0, -12.0, 0.0, 0.0, -5.0, -8.0, -3.0, -2.0, 2.0, 5.0, -11.0, 5.0, -3.0, 2.0, 2.0, 7.0, -4.0]}"
Absolutely (Story Of A Girl),"{'Rating': [85, 71.0, 59.0, 52.0, 39.0, 34.0, 26.0, 20.0, 17.0, 13.0, 11.0, 6.0, 6.0, 8.0, 8.0, 7.0, 8.0, 9.0, 11.0, 12.0, 14.0, 18.0, 26.0, 30.0, 36.0, 41.0, 48.0], 'RatingChange': [-14.0, -12.0, -7.0, -13.0, -5.0, -8.0, -6.0, -3.0, -4.0, -2.0, -5.0, 0.0, 2.0, 0.0, -1.0, 1.0, 1.0, 2.0, 1.0, 2.0, 4.0, 8.0, 4.0, 6.0, 5.0, 7.0]}"
Give Me Just One Night (Una Noche),"{'Rating': [51, 39.0, 34.0, 26.0, 26.0, 19.0, 2.0, 2.0, 3.0, 6.0, 7.0, 22.0, 29.0, 36.0, 47.0, 67.0, 66.0, 84.0, 93.0, 94.0], 'RatingChange': [-12.0, -5.0, -8.0, 0.0, -7.0, -17.0, 0.0, 1.0, 3.0, 1.0, 15.0, 7.0, 7.0, 11.0, 20.0, -1.0, 18.0, 9.0, 1.0]}"
Deck The Halls,"{'Rating': [97, 61.0], 'RatingChange': [-36.0]}"
Flowers On The Wall,"{'Rating': [95, 88.0, 88.0, 82.0, 82.0, 77.0, 72.0, 67.0, 65.0, 65.0, 65.0, 60.0, 60.0, 53.0, 51.0, 50.0, 57.0, 77.0, 83.0, 89.0], 'RatingChange': [-7.0, 0.0, -6.0, 0.0, -5.0, -5.0, -5.0, -2.0, 0.0, 0.0, -5.0, 0.0, -7.0, -2.0, -1.0, 7.0, 20.0, 6.0, 6.0]}"
I Know,"{'Rating': [98, 98.0], 'RatingChange': [0.0]}"
Bag Lady,"{'Rating': [67, 53.0, 42.0, 41.0, 48.0, 42.0, 34.0, 6.0, 9.0, 9.0, 8.0, 11.0, 15.0, 21.0, 26.0, 29.0, 26.0, 38.0, 56.0, 66.0], 'RatingChange': [-14.0, -11.0, -1.0, 7.0, -6.0, -8.0, -28.0, 3.0, 0.0, -1.0, 3.0, 4.0, 6.0, 5.0, 3.0, -3.0, 12.0, 18.0, 10.0]}"
I Belong To You,"{'Rating': [78, 77.0, 71.0, 71.0, 71.0, 83.0, 90.0, 90.0, 93.0], 'RatingChange': [-1.0, -6.0, 0.0, 0.0, 12.0, 7.0, 0.0, 3.0]}"
Try Again,"{'Rating': [59, 53.0, 38.0, 28.0, 21.0, 18.0, 16.0, 14.0, 12.0, 10.0, 9.0, 8.0, 6.0, 1.0, 2.0, 2.0, 2.0, 2.0, 3.0, 4.0, 5.0, 5.0, 6.0, 9.0, 13.0, 14.0, 16.0, 23.0, 22.0, 33.0, 36.0, 43.0], 'RatingChange': [-6.0, -15.0, -10.0, -7.0, -3.0, -2.0, -2.0, -2.0, -2.0, -1.0, -1.0, -2.0, -5.0, 1.0, 0.0, 0.0, 0.0, 1.0, 1.0, 1.0, 0.0, 1.0, 3.0, 4.0, 1.0, 2.0, 7.0, -1.0, 11.0, 3.0, 7.0]}"
A Little Gasoline,"{'Rating': [75, 82.0, 88.0, 96.0, 99.0, 99.0], 'RatingChange': [7.0, 6.0, 8.0, 3.0, 0.0]}"
Got To Get It,"{'Rating': [92, 76.0, 73.0, 58.0, 48.0, 48.0, 48.0, 48.0, 49.0, 40.0, 43.0, 51.0, 50.0, 57.0, 63.0, 64.0, 68.0, 82.0, 88.0, 95.0], 'RatingChange': [-16.0, -3.0, -15.0, -10.0, 0.0, 0.0, 0.0, 1.0, -9.0, 3.0, 8.0, -1.0, 7.0, 6.0, 1.0, 4.0, 14.0, 6.0, 7.0]}"
Dear Lie,"{'Rating': [63, 55.0, 52.0, 51.0, 56.0, 74.0, 92.0], 'RatingChange': [-8.0, -3.0, -1.0, 5.0, 18.0, 18.0]}"
Carlene,"{'Rating': [75, 67.0, 64.0, 64.0, 57.0, 53.0, 47.0, 45.0, 45.0, 50.0, 52.0, 56.0, 59.0, 78.0, 83.0, 84.0, 91.0, 96.0, 93.0], 'RatingChange': [-8.0, -3.0, 0.0, -7.0, -4.0, -6.0, -2.0, 0.0, 5.0, 2.0, 4.0, 3.0, 19.0, 5.0, 1.0, 7.0, 5.0, -3.0]}"
Best Friend,"{'Rating': [65, 59.0, 62.0, 79.0, 99.0], 'RatingChange': [-6.0, 3.0, 17.0, 20.0]}"
Change Your Mind,"{'Rating': [75, 67.0, 66.0, 59.0, 63.0, 71.0, 78.0, 81.0, 78.0, 78.0, 84.0, 87.0, 94.0, 91.0, 93.0, 95.0, 100.0, 98.0, 96.0, 98.0], 'RatingChange': [-8.0, -1.0, -7.0, 4.0, 8.0, 7.0, 3.0, -3.0, 0.0, 6.0, 3.0, 7.0, -3.0, 2.0, 2.0, 5.0, -2.0, -2.0, 2.0]}"
Only God Knows Why,"{'Rating': [63, 47.0, 46.0, 39.0, 35.0, 26.0, 26.0, 23.0, 19.0, 19.0, 21.0, 25.0, 25.0, 29.0, 32.0, 44.0, 52.0, 62.0, 69.0, 78.0], 'RatingChange': [-16.0, -1.0, -7.0, -4.0, -9.0, 0.0, -3.0, -4.0, 0.0, 2.0, 4.0, 0.0, 4.0, 3.0, 12.0, 8.0, 10.0, 7.0, 9.0]}"
Oops!.. I Did It Again,"{'Rating': [67, 38.0, 26.0, 19.0, 15.0, 13.0, 12.0, 9.0, 9.0, 10.0, 14.0, 15.0, 17.0, 24.0, 35.0, 49.0, 77.0, 85.0, 90.0, 96.0], 'RatingChange': [-29.0, -12.0, -7.0, -4.0, -2.0, -1.0, -3.0, 0.0, 1.0, 4.0, 1.0, 2.0, 7.0, 11.0, 14.0, 28.0, 8.0, 5.0, 6.0]}"
"Ryde or Die, Chick","{'Rating': [86, 73.0, 80.0, 84.0, 91.0, 97.0, 97.0], 'RatingChange': [-13.0, 7.0, 4.0, 7.0, 6.0, 0.0]}"
I Like It,"{'Rating': [85, 68.0, 58.0, 44.0, 40.0, 33.0, 30.0, 29.0, 37.0, 29.0, 29.0, 24.0, 36.0, 46.0, 52.0, 61.0, 83.0, 93.0, 91.0, 89.0], 'RatingChange': [-17.0, -10.0, -14.0, -4.0, -7.0, -3.0, -1.0, 8.0, -8.0, 0.0, -5.0, 12.0, 10.0, 6.0, 9.0, 22.0, 10.0, -2.0, -2.0]}"
Baby Don't Cry (Keep Ya Head Up II),"{'Rating': [87, 82.0, 72.0, 77.0, 87.0, 94.0, 99.0], 'RatingChange': [-5.0, -10.0, 5.0, 10.0, 7.0, 5.0]}"
Just Friends (Sunny),"{'Rating': [89, 83.0, 65.0, 55.0, 54.0, 54.0, 52.0, 44.0, 41.0, 34.0, 32.0, 31.0, 35.0, 34.0, 41.0, 41.0, 48.0, 54.0, 58.0, 68.0], 'RatingChange': [-6.0, -18.0, -10.0, -1.0, 0.0, -2.0, -8.0, -3.0, -7.0, -2.0, -1.0, 4.0, -1.0, 7.0, 0.0, 7.0, 6.0, 4.0, 10.0]}"
Feels Like Love,"{'Rating': [82, 76.0, 74.0, 73.0, 73.0, 65.0, 59.0, 58.0, 54.0, 54.0, 53.0, 52.0, 55.0, 52.0, 57.0, 76.0, 91.0, 99.0, 91.0, 89.0], 'RatingChange': [-6.0, -2.0, -1.0, 0.0, -8.0, -6.0, -1.0, -4.0, 0.0, -1.0, -1.0, 3.0, -3.0, 5.0, 19.0, 15.0, 8.0, -8.0, -2.0]}"
"Live, Laugh, Love","{'Rating': [95, 95.0, 94.0, 94.0, 94.0, 95.0, 82.0, 74.0, 79.0, 92.0, 98.0], 'RatingChange': [0.0, -1.0, 0.0, 0.0, 1.0, -13.0, -8.0, 5.0, 13.0, 6.0]}"
Faded,"{'Rating': [94, 90.0, 81.0, 64.0, 56.0, 43.0, 35.0, 27.0, 25.0, 22.0, 22.0, 27.0, 27.0, 27.0, 31.0, 31.0, 30.0, 34.0, 31.0, 34.0, 34.0, 38.0, 45.0, 50.0], 'RatingChange': [-4.0, -9.0, -17.0, -8.0, -13.0, -8.0, -8.0, -2.0, -3.0, 0.0, 5.0, 0.0, 0.0, 4.0, 0.0, -1.0, 4.0, -3.0, 3.0, 0.0, 4.0, 7.0, 5.0]}"
Then The Morning Comes,"{'Rating': [83, 59.0, 56.0, 46.0, 27.0, 23.0, 19.0, 16.0, 14.0, 14.0, 16.0, 15.0, 12.0, 11.0, 13.0, 17.0, 20.0, 23.0, 24.0, 25.0, 27.0, 31.0, 33.0, 35.0, 41.0, 48.0], 'RatingChange': [-24.0, -3.0, -10.0, -19.0, -4.0, -4.0, -3.0, -2.0, 0.0, 2.0, -1.0, -3.0, -1.0, 2.0, 4.0, 3.0, 3.0, 1.0, 1.0, 2.0, 4.0, 2.0, 2.0, 6.0, 7.0]}"
Another Dumb Blonde,"{'Rating': [69, 49.0, 49.0, 34.0, 34.0, 34.0, 30.0, 27.0, 36.0, 41.0, 53.0, 56.0, 80.0, 100.0], 'RatingChange': [-20.0, 0.0, -15.0, 0.0, 0.0, -4.0, -3.0, 9.0, 5.0, 12.0, 3.0, 24.0, 20.0]}"
Crash And Burn,"{'Rating': [75, 58.0, 51.0, 36.0, 33.0, 31.0, 26.0, 24.0, 24.0, 29.0, 34.0, 39.0, 46.0, 47.0, 48.0, 49.0, 58.0, 63.0, 73.0, 87.0], 'RatingChange': [-17.0, -7.0, -15.0, -3.0, -2.0, -5.0, -2.0, 0.0, 5.0, 5.0, 5.0, 7.0, 1.0, 1.0, 1.0, 9.0, 5.0, 10.0, 14.0]}"
Bounce With Me,"{'Rating': [48, 35.0, 24.0, 24.0, 20.0, 20.0, 20.0, 20.0, 22.0, 27.0, 27.0, 36.0, 40.0, 53.0, 61.0, 69.0, 80.0, 90.0, 99.0, 100.0], 'RatingChange': [-13.0, -11.0, 0.0, -4.0, 0.0, 0.0, 0.0, 2.0, 5.0, 0.0, 9.0, 4.0, 13.0, 8.0, 8.0, 11.0, 10.0, 9.0, 1.0]}"
The Best Of Me,"{'Rating': [85, 70.0, 65.0, 62.0, 55.0, 50.0, 50.0, 56.0, 61.0, 61.0, 72.0, 84.0, 81.0, 86.0, 86.0, 94.0, 97.0], 'RatingChange': [-15.0, -5.0, -3.0, -7.0, -5.0, 0.0, 6.0, 5.0, 0.0, 11.0, 12.0, -3.0, 5.0, 0.0, 8.0, 3.0]}"
Don't Call Me Baby,"{'Rating': [98, 96.0, 93.0, 93.0, 93.0, 92.0, 92.0, 92.0, 90.0, 92.0, 88.0, 88.0, 88.0, 95.0, 93.0, 98.0, 93.0, 92.0, 90.0, 97.0], 'RatingChange': [-2.0, -3.0, 0.0, 0.0, -1.0, 0.0, 0.0, -2.0, 2.0, -4.0, 0.0, 0.0, 7.0, -2.0, 5.0, -5.0, -1.0, -2.0, 7.0]}"
Shake Ya Ass,"{'Rating': [97, 90.0, 65.0, 41.0, 34.0, 25.0, 22.0, 15.0, 15.0, 14.0, 14.0, 13.0, 13.0, 13.0, 17.0, 19.0, 24.0, 30.0, 42.0, 58.0], 'RatingChange': [-7.0, -25.0, -24.0, -7.0, -9.0, -3.0, -7.0, 0.0, -1.0, 0.0, -1.0, 0.0, 0.0, 4.0, 2.0, 5.0, 6.0, 12.0, 16.0]}"
Falls Apart,"{'Rating': [70, 64.0, 54.0, 40.0, 34.0, 29.0, 29.0, 32.0, 32.0, 37.0, 47.0, 49.0, 52.0, 60.0, 76.0, 80.0, 89.0, 97.0, 98.0, 100.0], 'RatingChange': [-6.0, -10.0, -14.0, -6.0, -5.0, 0.0, 3.0, 0.0, 5.0, 10.0, 2.0, 3.0, 8.0, 16.0, 4.0, 9.0, 8.0, 1.0, 2.0]}"
He Can't Love U,"{'Rating': [54, 32.0, 17.0, 17.0, 15.0, 18.0, 18.0, 18.0, 18.0, 25.0, 24.0, 24.0, 26.0, 33.0, 44.0, 51.0, 53.0, 65.0, 69.0, 77.0], 'RatingChange': [-22.0, -15.0, 0.0, -2.0, 3.0, 0.0, 0.0, 0.0, 7.0, -1.0, 0.0, 2.0, 7.0, 11.0, 7.0, 2.0, 12.0, 4.0, 8.0]}"
Untitled (How Does It Feel),"{'Rating': [77, 56.0, 35.0, 26.0, 25.0, 25.0, 28.0, 28.0, 31.0, 35.0, 39.0, 44.0, 51.0, 60.0, 73.0, 79.0, 94.0], 'RatingChange': [-21.0, -21.0, -9.0, -1.0, 0.0, 3.0, 0.0, 3.0, 4.0, 4.0, 5.0, 7.0, 9.0, 13.0, 6.0, 15.0]}"
Love Sets You Free,"{'Rating': [92, 91.0, 98.0, 100.0], 'RatingChange': [-1.0, 7.0, 2.0]}"
He Wasn't Man Enough,"{'Rating': [63, 55.0, 48.0, 39.0, 35.0, 24.0, 3.0, 2.0, 2.0, 4.0, 4.0, 5.0, 11.0, 12.0, 16.0, 15.0, 14.0, 14.0, 12.0, 10.0, 11.0, 13.0, 13.0, 13.0, 15.0, 16.0, 14.0, 13.0, 17.0, 19.0, 23.0, 29.0, 37.0, 33.0, 34.0, 41.0, 48.0], 'RatingChange': [-8.0, -7.0, -9.0, -4.0, -11.0, -21.0, -1.0, 0.0, 2.0, 0.0, 1.0, 6.0, 1.0, 4.0, -1.0, -1.0, 0.0, -2.0, -2.0, 1.0, 2.0, 0.0, 0.0, 2.0, 1.0, -2.0, -1.0, 4.0, 2.0, 4.0, 6.0, 8.0, -4.0, 1.0, 7.0, 7.0]}"
My Best Friend,"{'Rating': [85, 76.0, 71.0, 64.0, 54.0, 54.0, 55.0, 46.0, 38.0, 29.0, 29.0, 33.0, 32.0, 31.0, 36.0, 38.0, 39.0, 41.0, 46.0, 49.0, 48.0], 'RatingChange': [-9.0, -5.0, -7.0, -10.0, 0.0, 1.0, -9.0, -8.0, -9.0, 0.0, 4.0, -1.0, -1.0, 5.0, 2.0, 1.0, 2.0, 5.0, 3.0, -1.0]}"
Kernkraft 400,"{'Rating': [99, 99.0], 'RatingChange': [0.0]}"
Toca's Miracle,"{'Rating': [99], 'RatingChange': []}"
She's More,"{'Rating': [81, 76.0, 69.0, 67.0, 62.0, 55.0, 52.0, 51.0, 51.0, 48.0, 47.0, 43.0, 42.0, 37.0, 41.0, 50.0, 69.0, 73.0, 77.0, 85.0], 'RatingChange': [-5.0, -7.0, -2.0, -5.0, -7.0, -3.0, -1.0, 0.0, -3.0, -1.0, -4.0, -1.0, -5.0, 4.0, 9.0, 19.0, 4.0, 4.0, 8.0]}"
Simple Kind Of Life,"{'Rating': [50, 40.0, 39.0, 38.0, 38.0, 48.0, 52.0, 55.0, 80.0, 85.0, 88.0, 100.0, 98.0], 'RatingChange': [-10.0, -1.0, -1.0, 0.0, 10.0, 4.0, 3.0, 25.0, 5.0, 3.0, 12.0, -2.0]}"
Whistle While You Twurk,"{'Rating': [95, 94.0, 91.0, 85.0, 84.0, 78.0, 74.0, 78.0, 85.0, 89.0, 97.0, 96.0, 99.0, 99.0], 'RatingChange': [-1.0, -3.0, -6.0, -1.0, -6.0, -4.0, 4.0, 7.0, 4.0, 8.0, -1.0, 3.0, 0.0]}"
Deep Inside Of You,"{'Rating': [80, 73.0, 70.0, 70.0, 70.0, 69.0, 72.0, 79.0, 90.0, 97.0, 95.0, 93.0], 'RatingChange': [-7.0, -3.0, 0.0, 0.0, -1.0, 3.0, 7.0, 11.0, 7.0, -2.0, -2.0]}"
Sexual (Li Da Di),"{'Rating': [99, 99.0, 96.0, 96.0, 100.0, 93.0, 93.0, 96.0, 99.0, 96.0, 96.0, 99.0, 98.0, 98.0, 95.0, 88.0, 88.0, 79.0, 76.0, 69.0, 69.0, 59.0, 58.0, 58.0, 49.0, 44.0, 42.0, 46.0, 50.0], 'RatingChange': [0.0, -3.0, 0.0, 4.0, -7.0, 0.0, 3.0, 3.0, -3.0, 0.0, 3.0, -1.0, 0.0, -3.0, -7.0, 0.0, -9.0, -3.0, -7.0, 0.0, -10.0, -1.0, 0.0, -9.0, -5.0, -2.0, 4.0, 4.0]}"
Pop A Top,"{'Rating': [79, 73.0, 70.0, 64.0, 63.0, 57.0, 55.0, 55.0, 63.0, 52.0, 43.0, 47.0, 55.0, 78.0, 95.0, 100.0, 100.0], 'RatingChange': [-6.0, -3.0, -6.0, -1.0, -6.0, -2.0, 0.0, 8.0, -11.0, -9.0, 4.0, 8.0, 23.0, 17.0, 5.0, 0.0]}"
Big Pimpin',"{'Rating': [69, 52.0, 39.0, 33.0, 28.0, 25.0, 25.0, 23.0, 20.0, 19.0, 21.0, 18.0, 20.0, 20.0, 26.0, 29.0, 35.0, 33.0, 41.0, 50.0], 'RatingChange': [-17.0, -13.0, -6.0, -5.0, -3.0, 0.0, -2.0, -3.0, -1.0, 2.0, -3.0, 2.0, 0.0, 6.0, 3.0, 6.0, -2.0, 8.0, 9.0]}"
"Maria, Maria","{'Rating': [15, 8.0, 6.0, 5.0, 2.0, 3.0, 2.0, 2.0, 1.0, 1.0, 1.0, 1.0, 1.0, 1.0, 1.0, 1.0, 1.0, 1.0, 8.0, 15.0, 19.0, 21.0, 26.0, 36.0, 48.0, 47.0], 'RatingChange': [-7.0, -2.0, -1.0, -3.0, 1.0, -1.0, 0.0, -1.0, 0.0, 0.0, 0.0, 0.0, 0.0, 0.0, 0.0, 0.0, 0.0, 7.0, 7.0, 4.0, 2.0, 5.0, 10.0, 12.0, -1.0]}"
Prayin' For Daylight,"{'Rating': [87, 78.0, 72.0, 68.0, 66.0, 64.0, 58.0, 58.0, 56.0, 54.0, 49.0, 46.0, 46.0, 41.0, 38.0, 38.0, 47.0, 65.0, 72.0, 77.0], 'RatingChange': [-9.0, -6.0, -4.0, -2.0, -2.0, -6.0, 0.0, -2.0, -2.0, -5.0, -3.0, 0.0, -5.0, -3.0, 0.0, 9.0, 18.0, 7.0, 5.0]}"
Open My Heart,"{'Rating': [76, 76.0, 74.0, 69.0, 68.0, 67.0, 61.0, 58.0, 57.0, 59.0, 66.0, 68.0, 61.0, 67.0, 59.0, 63.0, 67.0, 71.0, 79.0, 89.0], 'RatingChange': [0.0, -2.0, -5.0, -1.0, -1.0, -6.0, -3.0, -1.0, 2.0, 7.0, 2.0, -7.0, 6.0, -8.0, 4.0, 4.0, 4.0, 8.0, 10.0]}"
The Way I Am,"{'Rating': [87, 74.0, 59.0, 65.0, 59.0, 58.0, 59.0, 62.0, 89.0, 86.0], 'RatingChange': [-13.0, -15.0, 6.0, -6.0, -1.0, 1.0, 3.0, 27.0, -3.0]}"
That's The Kind Of Mood I'm In,"{'Rating': [98, 93.0, 93.0, 93.0, 88.0, 88.0, 82.0, 81.0, 73.0, 71.0, 71.0, 72.0, 85.0, 91.0], 'RatingChange': [-5.0, 0.0, 0.0, -5.0, 0.0, -6.0, -1.0, -8.0, -2.0, 0.0, 1.0, 13.0, 6.0]}"
I Need You,"{'Rating': [77, 68.0, 67.0, 63.0, 59.0, 59.0, 59.0, 53.0, 51.0, 50.0, 13.0, 11.0, 11.0, 15.0, 12.0, 12.0, 13.0, 16.0, 19.0, 21.0, 21.0, 24.0, 25.0, 30.0, 41.0], 'RatingChange': [-9.0, -1.0, -4.0, -4.0, 0.0, 0.0, -6.0, -2.0, -1.0, -37.0, -2.0, 0.0, 4.0, -3.0, 0.0, 1.0, 3.0, 3.0, 2.0, 0.0, 3.0, 1.0, 5.0, 11.0]}"
The Quittin' Kind,"{'Rating': [98, 100.0, 100.0, 90.0, 93.0, 94.0], 'RatingChange': [2.0, 0.0, -10.0, 3.0, 1.0]}"
Nothing As It Seems,"{'Rating': [49, 70.0, 84.0, 89.0, 93.0, 91.0], 'RatingChange': [21.0, 14.0, 5.0, 4.0, -2.0]}"
Couldn't Last A Moment,"{'Rating': [91, 85.0, 75.0, 73.0, 67.0, 63.0, 63.0, 63.0, 56.0, 49.0, 48.0, 46.0, 44.0, 44.0, 43.0, 45.0, 53.0, 66.0, 73.0, 89.0], 'RatingChange': [-6.0, -10.0, -2.0, -6.0, -4.0, 0.0, 0.0, -7.0, -7.0, -1.0, -2.0, -2.0, 0.0, -1.0, 2.0, 8.0, 13.0, 7.0, 16.0]}"
Sleepwalker,"{'Rating': [73, 73.0, 74.0, 80.0, 90.0, 96.0], 'RatingChange': [0.0, 1.0, 6.0, 10.0, 6.0]}"
Do It Again (Put Ya Hands Up),"{'Rating': [95, 68.0, 65.0, 65.0, 74.0, 84.0, 92.0, 96.0, 95.0], 'RatingChange': [-27.0, -3.0, 0.0, 9.0, 10.0, 8.0, 4.0, -1.0]}"
Ta Da,"{'Rating': [100, 99.0, 97.0, 97.0, 100.0, 95.0, 99.0], 'RatingChange': [-1.0, -2.0, 0.0, 3.0, -5.0, 4.0]}"
Kryptonite,"{'Rating': [81, 70.0, 68.0, 67.0, 66.0, 57.0, 54.0, 53.0, 51.0, 51.0, 51.0, 51.0, 47.0, 44.0, 38.0, 28.0, 22.0, 18.0, 18.0, 14.0, 12.0, 7.0, 6.0, 6.0, 6.0, 5.0, 5.0, 4.0, 4.0, 4.0, 4.0, 3.0, 3.0, 3.0, 4.0, 5.0, 5.0, 9.0, 9.0, 15.0, 14.0, 13.0, 14.0, 16.0, 17.0, 21.0, 22.0, 24.0, 28.0, 33.0, 42.0, 42.0, 49.0], 'RatingChange': [-11.0, -2.0, -1.0, -1.0, -9.0, -3.0, -1.0, -2.0, 0.0, 0.0, 0.0, -4.0, -3.0, -6.0, -10.0, -6.0, -4.0, 0.0, -4.0, -2.0, -5.0, -1.0, 0.0, 0.0, -1.0, 0.0, -1.0, 0.0, 0.0, 0.0, -1.0, 0.0, 0.0, 1.0, 1.0, 0.0, 4.0, 0.0, 6.0, -1.0, -1.0, 1.0, 2.0, 1.0, 4.0, 1.0, 2.0, 4.0, 5.0, 9.0, 0.0, 7.0]}"
Love Is Blind,"{'Rating': [94, 91.0, 57.0, 46.0, 46.0, 40.0, 34.0, 39.0, 42.0, 46.0, 50.0, 59.0, 66.0, 78.0, 87.0, 99.0], 'RatingChange': [-3.0, -34.0, -11.0, 0.0, -6.0, -6.0, 5.0, 3.0, 4.0, 4.0, 9.0, 7.0, 12.0, 9.0, 12.0]}"
This Woman Needs,"{'Rating': [82, 70.0, 70.0, 67.0, 57.0, 57.0, 61.0, 68.0, 82.0], 'RatingChange': [-12.0, 0.0, -3.0, -10.0, 0.0, 4.0, 7.0, 14.0]}"
Hey Papi,"{'Rating': [98, 100.0, 98.0, 94.0, 83.0, 83.0, 80.0, 78.0, 76.0, 77.0, 85.0, 91.0, 93.0, 88.0, 94.0], 'RatingChange': [2.0, -2.0, -4.0, -11.0, 0.0, -3.0, -2.0, -2.0, 1.0, 8.0, 6.0, 2.0, -5.0, 6.0]}"
Don't Think I'm Not,"{'Rating': [66, 66.0, 66.0, 61.0, 49.0, 42.0, 36.0, 33.0, 28.0, 24.0, 26.0, 26.0, 28.0, 29.0, 27.0, 31.0, 31.0, 26.0, 25.0, 25.0, 30.0, 40.0, 36.0, 41.0], 'RatingChange': [0.0, 0.0, -5.0, -12.0, -7.0, -6.0, -3.0, -5.0, -4.0, 2.0, 0.0, 2.0, 1.0, -2.0, 4.0, 0.0, -5.0, -1.0, 0.0, 5.0, 10.0, -4.0, 5.0]}"
Callin' Me,"{'Rating': [83, 89.0, 57.0, 40.0, 34.0, 21.0, 33.0, 46.0, 45.0, 59.0, 67.0, 84.0, 95.0], 'RatingChange': [6.0, -32.0, -17.0, -6.0, -13.0, 12.0, 13.0, -1.0, 14.0, 8.0, 17.0, 11.0]}"
Go On,"{'Rating': [71, 67.0, 63.0, 56.0, 53.0, 48.0, 46.0, 46.0, 44.0, 40.0, 44.0, 46.0, 49.0, 56.0, 56.0, 71.0, 78.0, 88.0, 95.0, 97.0], 'RatingChange': [-4.0, -4.0, -7.0, -3.0, -5.0, -2.0, 0.0, -2.0, -4.0, 4.0, 2.0, 3.0, 7.0, 0.0, 15.0, 7.0, 10.0, 7.0, 2.0]}"
Forgot About Dre,"{'Rating': [75, 55.0, 47.0, 36.0, 36.0, 30.0, 30.0, 31.0, 26.0, 25.0, 25.0, 26.0, 26.0, 28.0, 34.0, 47.0, 58.0, 68.0, 80.0, 82.0], 'RatingChange': [-20.0, -8.0, -11.0, 0.0, -6.0, 0.0, 1.0, -5.0, -1.0, 0.0, 1.0, 0.0, 2.0, 6.0, 13.0, 11.0, 10.0, 12.0, 2.0]}"
Angels,"{'Rating': [85, 77.0, 69.0, 69.0, 62.0, 56.0, 56.0, 64.0, 54.0, 53.0, 72.0, 83.0, 81.0, 88.0, 96.0, 93.0, 91.0, 89.0, 95.0], 'RatingChange': [-8.0, -8.0, 0.0, -7.0, -6.0, 0.0, 8.0, -10.0, -1.0, 19.0, 11.0, -2.0, 7.0, 8.0, -3.0, -2.0, -2.0, 6.0]}"
What Do You Say,"{'Rating': [88, 76.0, 71.0, 71.0, 69.0, 63.0, 56.0, 51.0, 46.0, 46.0, 53.0, 43.0, 33.0, 31.0, 34.0, 41.0, 50.0, 60.0, 68.0, 71.0], 'RatingChange': [-12.0, -5.0, 0.0, -2.0, -6.0, -7.0, -5.0, -5.0, 0.0, 7.0, -10.0, -10.0, -2.0, 3.0, 7.0, 9.0, 10.0, 8.0, 3.0]}"
The Little Girl,"{'Rating': [81, 67.0, 64.0, 56.0, 45.0, 41.0, 41.0, 35.0, 35.0, 38.0, 37.0, 42.0, 45.0, 50.0, 57.0, 63.0, 62.0, 83.0, 74.0, 74.0], 'RatingChange': [-14.0, -3.0, -8.0, -11.0, -4.0, 0.0, -6.0, 0.0, 3.0, -1.0, 5.0, 3.0, 5.0, 7.0, 6.0, -1.0, 21.0, -9.0, 0.0]}"
My Baby You,"{'Rating': [82, 76.0, 76.0, 70.0, 82.0, 81.0, 74.0, 80.0, 76.0, 76.0, 73.0, 74.0, 87.0, 83.0, 89.0, 93.0, 94.0, 94.0, 91.0, 90.0], 'RatingChange': [-6.0, 0.0, -6.0, 12.0, -1.0, -7.0, 6.0, -4.0, 0.0, -3.0, 1.0, 13.0, -4.0, 6.0, 4.0, 1.0, 0.0, -3.0, -1.0]}"
Come On Over Baby (All I Want Is You),"{'Rating': [57, 47.0, 45.0, 29.0, 23.0, 18.0, 11.0, 9.0, 9.0, 11.0, 1.0, 1.0, 1.0, 1.0, 4.0, 8.0, 12.0, 22.0, 23.0, 43.0, 44.0], 'RatingChange': [-10.0, -2.0, -16.0, -6.0, -5.0, -7.0, -2.0, 0.0, 2.0, -10.0, 0.0, 0.0, 0.0, 3.0, 4.0, 4.0, 10.0, 1.0, 20.0, 1.0]}"
Souljas,"{'Rating': [98], 'RatingChange': []}"
There You Are,"{'Rating': [79, 75.0, 75.0, 75.0, 73.0, 64.0, 60.0, 60.0, 60.0, 63.0, 63.0, 82.0, 92.0], 'RatingChange': [-4.0, 0.0, 0.0, -2.0, -9.0, -4.0, 0.0, 0.0, 3.0, 0.0, 19.0, 10.0]}"
It Was,"{'Rating': [86, 78.0, 75.0, 72.0, 71.0, 69.0, 64.0, 75.0, 85.0, 98.0], 'RatingChange': [-8.0, -3.0, -3.0, -1.0, -2.0, -5.0, 11.0, 10.0, 13.0]}"
Meet Virginia,"{'Rating': [76, 67.0, 59.0, 54.0, 48.0, 45.0, 40.0, 32.0, 26.0, 24.0, 22.0, 21.0, 21.0, 24.0, 21.0, 20.0, 21.0, 24.0, 28.0, 30.0, 32.0, 37.0, 37.0, 42.0, 46.0, 50.0, 50.0], 'RatingChange': [-9.0, -8.0, -5.0, -6.0, -3.0, -5.0, -8.0, -6.0, -2.0, -2.0, -1.0, 0.0, 3.0, -3.0, -1.0, 1.0, 3.0, 4.0, 2.0, 2.0, 5.0, 0.0, 5.0, 4.0, 4.0, 0.0]}"
Give Me You,"{'Rating': [97, 94.0, 77.0, 76.0, 68.0, 77.0, 89.0, 90.0, 100.0], 'RatingChange': [-3.0, -17.0, -1.0, -8.0, 9.0, 12.0, 1.0, 10.0]}"
Desert Rose,"{'Rating': [98, 88.0, 72.0, 59.0, 55.0, 52.0, 45.0, 35.0, 24.0, 21.0, 19.0, 19.0, 19.0, 19.0, 18.0, 17.0, 19.0, 19.0, 24.0, 26.0, 30.0, 32.0, 42.0, 45.0, 42.0, 49.0], 'RatingChange': [-10.0, -16.0, -13.0, -4.0, -3.0, -7.0, -10.0, -11.0, -3.0, -2.0, 0.0, 0.0, 0.0, -1.0, -1.0, 2.0, 0.0, 5.0, 2.0, 4.0, 2.0, 10.0, 3.0, -3.0, 7.0]}"
Because You Love Me,"{'Rating': [83, 78.0, 71.0, 71.0, 66.0, 55.0, 53.0, 57.0, 61.0, 61.0, 61.0, 72.0, 93.0], 'RatingChange': [-5.0, -7.0, 0.0, -5.0, -11.0, -2.0, 4.0, 4.0, 0.0, 0.0, 11.0, 21.0]}"
Emotional,"{'Rating': [77, 63.0, 61.0, 58.0, 54.0, 47.0, 53.0, 52.0, 49.0, 52.0, 60.0, 62.0, 69.0, 69.0, 63.0, 76.0, 87.0, 82.0, 91.0, 99.0], 'RatingChange': [-14.0, -2.0, -3.0, -4.0, -7.0, 6.0, -1.0, -3.0, 3.0, 8.0, 2.0, 7.0, 0.0, -6.0, 13.0, 11.0, -5.0, 9.0, 8.0]}"
Me Neither,"{'Rating': [87, 85.0, 90.0, 92.0], 'RatingChange': [-2.0, 5.0, 2.0]}"
Most Girls,"{'Rating': [85, 70.0, 52.0, 36.0, 27.0, 21.0, 15.0, 13.0, 12.0, 8.0, 5.0, 5.0, 5.0, 6.0, 5.0, 4.0, 6.0, 8.0, 11.0, 14.0, 14.0, 16.0, 18.0, 21.0, 26.0, 39.0, 46.0], 'RatingChange': [-15.0, -18.0, -16.0, -9.0, -6.0, -6.0, -2.0, -1.0, -4.0, -3.0, 0.0, 0.0, 1.0, -1.0, -1.0, 2.0, 2.0, 3.0, 3.0, 0.0, 2.0, 2.0, 3.0, 5.0, 13.0, 7.0]}"
Sour Girl,"{'Rating': [79, 79.0, 79.0, 78.0, 78.0, 87.0, 89.0, 88.0, 95.0, 93.0, 91.0, 94.0, 98.0], 'RatingChange': [0.0, 0.0, -1.0, 0.0, 9.0, 2.0, -1.0, 7.0, -2.0, -2.0, 3.0, 4.0]}"
I Learned From The Best,"{'Rating': [83, 83.0, 83.0, 40.0, 28.0, 27.0, 28.0, 36.0, 53.0, 73.0, 82.0], 'RatingChange': [0.0, 0.0, -43.0, -12.0, -1.0, 1.0, 8.0, 17.0, 20.0, 9.0]}"
I Don't Wanna Kiss You Goodnight,"{'Rating': [63, 61.0, 68.0, 73.0, 91.0], 'RatingChange': [-2.0, 7.0, 5.0, 18.0]}"
Doesn't Really Matter,"{'Rating': [59, 52.0, 43.0, 30.0, 29.0, 22.0, 15.0, 10.0, 10.0, 5.0, 1.0, 1.0, 1.0, 2.0, 2.0, 3.0, 3.0, 7.0, 8.0, 20.0, 25.0, 37.0, 40.0, 41.0], 'RatingChange': [-7.0, -9.0, -13.0, -1.0, -7.0, -7.0, -5.0, 0.0, -5.0, -4.0, 0.0, 0.0, 1.0, 0.0, 1.0, 0.0, 4.0, 1.0, 12.0, 5.0, 12.0, 3.0, 1.0]}"
The Great Beyond,"{'Rating': [79, 79.0, 70.0, 62.0, 60.0, 57.0, 61.0, 66.0, 60.0, 59.0, 60.0, 63.0, 79.0, 91.0], 'RatingChange': [0.0, -9.0, -8.0, -2.0, -3.0, 4.0, 5.0, -6.0, -1.0, 1.0, 3.0, 16.0, 12.0]}"
Last Resort,"{'Rating': [75, 71.0, 69.0, 69.0, 66.0, 64.0, 61.0, 61.0, 66.0, 64.0, 63.0, 60.0, 65.0, 66.0, 62.0, 66.0, 64.0, 64.0, 57.0, 72.0], 'RatingChange': [-4.0, -2.0, 0.0, -3.0, -2.0, -3.0, 0.0, 5.0, -2.0, -1.0, -3.0, 5.0, 1.0, -4.0, 4.0, -2.0, 0.0, -7.0, 15.0]}"
How Many Licks?,"{'Rating': [79, 75.0, 77.0, 86.0, 86.0, 89.0, 96.0, 96.0, 96.0], 'RatingChange': [-4.0, 2.0, 9.0, 0.0, 3.0, 7.0, 0.0, 0.0]}"
Swear It Again,"{'Rating': [96, 82.0, 66.0, 55.0, 55.0, 46.0, 44.0, 44.0, 37.0, 35.0, 32.0, 25.0, 21.0, 20.0, 20.0, 25.0, 30.0, 33.0, 45.0, 56.0], 'RatingChange': [-14.0, -16.0, -11.0, 0.0, -9.0, -2.0, 0.0, -7.0, -2.0, -3.0, -7.0, -4.0, -1.0, 0.0, 5.0, 5.0, 3.0, 12.0, 11.0]}"
Take A Picture,"{'Rating': [91, 74.0, 64.0, 52.0, 38.0, 38.0, 34.0, 31.0, 21.0, 19.0, 12.0, 13.0, 15.0, 20.0, 19.0, 22.0, 23.0, 24.0, 31.0, 42.0], 'RatingChange': [-17.0, -10.0, -12.0, -14.0, 0.0, -4.0, -3.0, -10.0, -2.0, -7.0, 1.0, 2.0, 5.0, -1.0, 3.0, 1.0, 1.0, 7.0, 11.0]}"
I Disappear,"{'Rating': [86, 84.0, 88.0, 81.0, 81.0, 76.0, 81.0, 81.0, 78.0, 84.0, 83.0, 82.0, 87.0, 88.0, 91.0, 94.0, 98.0, 95.0, 89.0, 95.0], 'RatingChange': [-2.0, 4.0, -7.0, 0.0, -5.0, 5.0, 0.0, -3.0, 6.0, -1.0, -1.0, 5.0, 1.0, 3.0, 3.0, 4.0, -3.0, -6.0, 6.0]}"
Tricky Tricky ,"{'Rating': [75, 74.0, 87.0], 'RatingChange': [-1.0, 13.0]}"
What'Chu Like,"{'Rating': [71, 65.0, 54.0, 54.0, 51.0, 41.0, 41.0, 33.0, 28.0, 31.0, 26.0, 28.0, 36.0, 39.0, 49.0, 58.0, 62.0, 65.0, 68.0, 68.0], 'RatingChange': [-6.0, -11.0, 0.0, -3.0, -10.0, 0.0, -8.0, -5.0, 3.0, -5.0, 2.0, 8.0, 3.0, 10.0, 9.0, 4.0, 3.0, 3.0, 0.0]}"
Back Here,"{'Rating': [99, 86.0, 60.0, 52.0, 38.0, 34.0, 28.0, 21.0, 18.0, 18.0, 19.0, 15.0, 18.0, 13.0, 16.0, 15.0, 16.0, 16.0, 17.0, 15.0, 18.0, 17.0, 16.0, 22.0, 24.0, 30.0, 36.0, 37.0, 42.0, 45.0, 49.0], 'RatingChange': [-13.0, -26.0, -8.0, -14.0, -4.0, -6.0, -7.0, -3.0, 0.0, 1.0, -4.0, 3.0, -5.0, 3.0, -1.0, 1.0, 0.0, 1.0, -2.0, 3.0, -1.0, -1.0, 6.0, 2.0, 6.0, 6.0, 1.0, 5.0, 3.0, 4.0]}"
The Real Slim Shady,"{'Rating': [70, 32.0, 20.0, 16.0, 11.0, 7.0, 6.0, 4.0, 5.0, 4.0, 8.0, 9.0, 16.0, 30.0, 49.0, 68.0, 83.0, 88.0, 98.0], 'RatingChange': [-38.0, -12.0, -4.0, -5.0, -4.0, -1.0, -2.0, 1.0, -1.0, 4.0, 1.0, 7.0, 14.0, 19.0, 19.0, 15.0, 5.0, 10.0]}"
Mr. Too Damn Good,"{'Rating': [84, 83.0, 83.0, 76.0, 86.0, 86.0, 88.0, 97.0], 'RatingChange': [-1.0, 0.0, -7.0, 10.0, 0.0, 2.0, 9.0]}"
Between Me And You,"{'Rating': [85, 74.0, 61.0, 37.0, 27.0, 22.0, 22.0, 16.0, 14.0, 11.0, 11.0, 14.0, 17.0, 18.0, 18.0, 21.0, 30.0, 30.0, 42.0, 53.0], 'RatingChange': [-11.0, -13.0, -24.0, -10.0, -5.0, 0.0, -6.0, -2.0, -3.0, 0.0, 3.0, 3.0, 1.0, 0.0, 3.0, 9.0, 0.0, 12.0, 11.0]}"
The Best Day,"{'Rating': [73, 64.0, 54.0, 45.0, 44.0, 44.0, 44.0, 41.0, 39.0, 34.0, 33.0, 33.0, 31.0, 33.0, 36.0, 39.0, 43.0, 49.0, 53.0, 62.0], 'RatingChange': [-9.0, -10.0, -9.0, -1.0, 0.0, 0.0, -3.0, -2.0, -5.0, -1.0, 0.0, -2.0, 2.0, 3.0, 3.0, 4.0, 6.0, 4.0, 9.0]}"
I Will Love Again,"{'Rating': [91, 80.0, 75.0, 61.0, 60.0, 52.0, 45.0, 40.0, 36.0, 32.0, 37.0, 45.0, 68.0, 80.0, 80.0, 89.0, 96.0], 'RatingChange': [-11.0, -5.0, -14.0, -1.0, -8.0, -7.0, -5.0, -4.0, -4.0, 5.0, 8.0, 23.0, 12.0, 0.0, 9.0, 7.0]}"
Love's The Only House,"{'Rating': [79, 69.0, 65.0, 58.0, 53.0, 52.0, 52.0, 48.0, 45.0, 43.0, 42.0, 42.0, 50.0, 60.0, 64.0, 75.0, 91.0, 93.0, 92.0, 90.0], 'RatingChange': [-10.0, -4.0, -7.0, -5.0, -1.0, 0.0, -4.0, -3.0, -2.0, -1.0, 0.0, 8.0, 10.0, 4.0, 11.0, 16.0, 2.0, -1.0, -2.0]}"
She Bangs,"{'Rating': [38, 28.0, 21.0, 21.0, 18.0, 16.0, 13.0, 13.0, 12.0, 20.0, 22.0, 29.0, 43.0, 54.0, 55.0, 73.0, 92.0, 100.0], 'RatingChange': [-10.0, -7.0, 0.0, -3.0, -2.0, -3.0, 0.0, -1.0, 8.0, 2.0, 7.0, 14.0, 11.0, 1.0, 18.0, 19.0, 8.0]}"
Daddy Won't Sell The Farm,"{'Rating': [87, 83.0, 81.0, 79.0, 81.0, 96.0], 'RatingChange': [-4.0, -2.0, -2.0, 2.0, 15.0]}"
Rollin',"{'Rating': [77, 73.0, 72.0, 66.0, 65.0, 65.0, 67.0, 73.0, 74.0, 78.0, 80.0, 86.0, 86.0, 91.0, 93.0, 96.0, 100.0], 'RatingChange': [-4.0, -1.0, -6.0, -1.0, 0.0, 2.0, 6.0, 1.0, 4.0, 2.0, 6.0, 0.0, 5.0, 2.0, 3.0, 4.0]}"
Crybaby,"{'Rating': [28, 34.0, 48.0, 62.0, 77.0, 90.0, 95.0], 'RatingChange': [6.0, 14.0, 14.0, 15.0, 13.0, 5.0]}"
You're A God,"{'Rating': [64, 55.0, 43.0, 41.0, 37.0, 31.0, 30.0, 29.0, 28.0, 26.0, 23.0, 23.0, 25.0, 32.0, 32.0, 37.0, 37.0, 41.0, 46.0, 48.0, 49.0], 'RatingChange': [-9.0, -12.0, -2.0, -4.0, -6.0, -1.0, -1.0, -1.0, -2.0, -3.0, 0.0, 2.0, 7.0, 0.0, 5.0, 0.0, 4.0, 5.0, 2.0, 1.0]}"
The Rockafeller Skank,"{'Rating': [94, 94.0, 94.0, 87.0, 77.0, 77.0, 83.0, 82.0, 82.0, 92.0, 76.0, 95.0], 'RatingChange': [0.0, 0.0, -7.0, -10.0, 0.0, 6.0, -1.0, 0.0, 10.0, -16.0, 19.0]}"
My First Love,"{'Rating': [70, 62.0, 56.0, 43.0, 39.0, 33.0, 26.0, 26.0, 26.0, 31.0, 32.0, 31.0, 38.0, 38.0, 52.0, 57.0, 64.0, 73.0, 81.0, 79.0], 'RatingChange': [-8.0, -6.0, -13.0, -4.0, -6.0, -7.0, 0.0, 0.0, 5.0, 1.0, -1.0, 7.0, 0.0, 14.0, 5.0, 7.0, 9.0, 8.0, -2.0]}"
Another Nine Minutes,"{'Rating': [86, 83.0, 77.0, 74.0, 83.0, 79.0, 88.0, 95.0], 'RatingChange': [-3.0, -6.0, -3.0, 9.0, -4.0, 9.0, 7.0]}"
Shut Up,"{'Rating': [99, 95.0, 87.0, 87.0, 83.0, 83.0, 89.0, 87.0, 92.0, 92.0, 97.0], 'RatingChange': [-4.0, -8.0, 0.0, -4.0, 0.0, 6.0, -2.0, 5.0, 0.0, 5.0]}"
My Love Is Your Love,"{'Rating': [81, 68.0, 44.0, 16.0, 11.0, 9.0, 8.0, 7.0, 8.0, 7.0, 8.0, 8.0, 6.0, 6.0, 5.0, 5.0, 5.0, 5.0, 4.0, 6.0, 10.0, 10.0, 11.0, 20.0, 22.0, 27.0, 34.0, 49.0], 'RatingChange': [-13.0, -24.0, -28.0, -5.0, -2.0, -1.0, -1.0, 1.0, -1.0, 1.0, 0.0, -2.0, 0.0, -1.0, 0.0, 0.0, 0.0, -1.0, 2.0, 4.0, 0.0, 1.0, 9.0, 2.0, 5.0, 7.0, 15.0]}"
My Next Thirty Years,"{'Rating': [73, 62.0, 56.0, 52.0, 46.0, 40.0, 36.0, 31.0, 27.0, 27.0, 28.0, 40.0, 33.0, 33.0, 39.0, 40.0, 48.0, 53.0, 58.0, 62.0], 'RatingChange': [-11.0, -6.0, -4.0, -6.0, -6.0, -4.0, -5.0, -4.0, 0.0, 1.0, 12.0, -7.0, 0.0, 6.0, 1.0, 8.0, 5.0, 5.0, 4.0]}"
You Owe Me,"{'Rating': [74, 72.0, 68.0, 59.0, 59.0, 59.0, 67.0, 67.0, 63.0, 69.0, 75.0, 82.0, 79.0, 88.0, 95.0, 96.0], 'RatingChange': [-2.0, -4.0, -9.0, 0.0, 0.0, 8.0, 0.0, -4.0, 6.0, 6.0, 7.0, -3.0, 9.0, 7.0, 1.0]}"
L.A. Song,"{'Rating': [99, 100.0, 98.0, 99.0, 99.0, 99.0, 98.0, 90.0, 99.0, 97.0, 91.0, 97.0], 'RatingChange': [1.0, -2.0, 1.0, 0.0, 0.0, -1.0, -8.0, 9.0, -2.0, -6.0, 6.0]}"
Bent,"{'Rating': [60, 37.0, 29.0, 24.0, 22.0, 21.0, 18.0, 16.0, 13.0, 12.0, 8.0, 6.0, 1.0, 2.0, 3.0, 2.0, 2.0, 3.0, 4.0, 5.0, 4.0, 4.0, 6.0, 9.0, 12.0, 13.0, 19.0, 20.0, 20.0, 24.0, 29.0, 28.0, 27.0, 30.0, 33.0, 37.0, 38.0, 38.0, 48.0], 'RatingChange': [-23.0, -8.0, -5.0, -2.0, -1.0, -3.0, -2.0, -3.0, -1.0, -4.0, -2.0, -5.0, 1.0, 1.0, -1.0, 0.0, 1.0, 1.0, 1.0, -1.0, 0.0, 2.0, 3.0, 3.0, 1.0, 6.0, 1.0, 0.0, 4.0, 5.0, -1.0, -1.0, 3.0, 3.0, 4.0, 1.0, 0.0, 10.0]}"
Jumpin' Jumpin',"{'Rating': [74, 71.0, 65.0, 62.0, 57.0, 50.0, 40.0, 37.0, 22.0, 18.0, 13.0, 8.0, 6.0, 4.0, 3.0, 4.0, 3.0, 3.0, 3.0, 3.0, 4.0, 4.0, 6.0, 7.0, 6.0, 8.0, 10.0, 15.0, 24.0, 30.0, 35.0, 39.0], 'RatingChange': [-3.0, -6.0, -3.0, -5.0, -7.0, -10.0, -3.0, -15.0, -4.0, -5.0, -5.0, -2.0, -2.0, -1.0, 1.0, -1.0, 0.0, 0.0, 0.0, 1.0, 0.0, 2.0, 1.0, -1.0, 2.0, 2.0, 5.0, 9.0, 6.0, 5.0, 4.0]}"
Unconditional,"{'Rating': [97, 97.0, 97.0, 90.0, 83.0, 78.0, 74.0, 69.0, 60.0, 56.0, 54.0, 50.0, 49.0, 55.0, 52.0, 51.0, 51.0, 62.0, 63.0, 83.0], 'RatingChange': [0.0, 0.0, -7.0, -7.0, -5.0, -4.0, -5.0, -9.0, -4.0, -2.0, -4.0, -1.0, 6.0, -3.0, -1.0, 0.0, 11.0, 1.0, 20.0]}"
No Mercy,"{'Rating': [100, 99.0, 99.0, 98.0, 94.0, 92.0, 95.0, 96.0], 'RatingChange': [-1.0, 0.0, -1.0, -4.0, -2.0, 3.0, 1.0]}"
The One,"{'Rating': [58, 50.0, 43.0, 37.0, 31.0, 30.0, 39.0, 47.0, 55.0, 61.0, 76.0, 90.0, 93.0, 93.0, 100.0], 'RatingChange': [-8.0, -7.0, -6.0, -6.0, -1.0, 9.0, 8.0, 8.0, 6.0, 15.0, 14.0, 3.0, 0.0, 7.0]}"
U Understand,"{'Rating': [85, 83.0, 100.0, 98.0, 97.0, 96.0], 'RatingChange': [-2.0, 17.0, -2.0, -1.0, -1.0]}"
Big Deal,"{'Rating': [71, 52.0, 51.0, 51.0, 51.0, 48.0, 41.0, 37.0, 29.0, 26.0, 26.0, 23.0, 30.0, 28.0, 27.0, 25.0, 31.0, 43.0, 56.0, 70.0], 'RatingChange': [-19.0, -1.0, 0.0, 0.0, -3.0, -7.0, -4.0, -8.0, -3.0, 0.0, -3.0, 7.0, -2.0, -1.0, -2.0, 6.0, 12.0, 13.0, 14.0]}"
I Will.. But,"{'Rating': [78, 74.0, 70.0, 61.0, 59.0, 52.0, 48.0, 47.0, 45.0, 43.0, 44.0, 43.0, 52.0, 56.0, 70.0, 80.0, 86.0, 81.0, 85.0, 87.0], 'RatingChange': [-4.0, -4.0, -9.0, -2.0, -7.0, -4.0, -1.0, -2.0, -2.0, 1.0, -1.0, 9.0, 4.0, 14.0, 10.0, 6.0, -5.0, 4.0, 2.0]}"
Gotta Tell You,"{'Rating': [85, 72.0, 65.0, 49.0, 39.0, 25.0, 20.0, 10.0, 9.0, 8.0, 6.0, 5.0, 7.0, 4.0, 6.0, 7.0, 13.0, 17.0, 17.0, 23.0, 29.0, 36.0], 'RatingChange': [-13.0, -7.0, -16.0, -10.0, -14.0, -5.0, -10.0, -1.0, -1.0, -2.0, -1.0, 2.0, -3.0, 2.0, 1.0, 6.0, 4.0, 0.0, 6.0, 6.0, 7.0]}"
This I Promise You,"{'Rating': [68, 31.0, 19.0, 15.0, 11.0, 6.0, 7.0, 7.0, 6.0, 5.0, 6.0, 7.0, 10.0, 12.0, 11.0, 9.0, 11.0, 12.0, 20.0, 22.0, 26.0, 30.0, 30.0, 39.0, 41.0, 49.0], 'RatingChange': [-37.0, -12.0, -4.0, -4.0, -5.0, 1.0, 0.0, -1.0, -1.0, 1.0, 1.0, 3.0, 2.0, -1.0, -2.0, 2.0, 1.0, 8.0, 2.0, 4.0, 4.0, 0.0, 9.0, 2.0, 8.0]}"
Aaron's Party (Come Get It),"{'Rating': [99, 75.0, 57.0, 35.0, 35.0, 37.0, 43.0, 79.0, 51.0, 55.0, 67.0, 83.0, 86.0, 92.0, 100.0], 'RatingChange': [-24.0, -18.0, -22.0, 0.0, 2.0, 6.0, 36.0, -28.0, 4.0, 12.0, 16.0, 3.0, 6.0, 8.0]}"
The Hardest Part Of Breaking Up (Is Getting Back Your Stuff),"{'Rating': [91, 87.0, 92.0], 'RatingChange': [-4.0, 5.0]}"
Where You Are,"{'Rating': [73, 66.0, 62.0, 62.0, 76.0, 93.0], 'RatingChange': [-7.0, -4.0, 0.0, 14.0, 17.0]}"
If You Don't Wanna Love Me,"{'Rating': [98, 98.0, 92.0, 89.0, 92.0, 93.0], 'RatingChange': [0.0, -6.0, -3.0, 3.0, 1.0]}"
Can't Fight The Moonlight,"{'Rating': [82, 71.0, 79.0, 83.0, 96.0, 99.0, 78.0, 78.0, 83.0, 79.0, 77.0, 76.0, 79.0, 81.0, 88.0, 85.0, 86.0, 79.0, 87.0, 93.0], 'RatingChange': [-11.0, 8.0, 4.0, 13.0, 3.0, -21.0, 0.0, 5.0, -4.0, -2.0, -1.0, 3.0, 2.0, 7.0, -3.0, 1.0, -7.0, 8.0, 6.0]}"
Bye Bye Bye,"{'Rating': [42, 20.0, 19.0, 14.0, 13.0, 7.0, 6.0, 5.0, 5.0, 5.0, 5.0, 4.0, 4.0, 6.0, 6.0, 7.0, 9.0, 12.0, 18.0, 20.0, 27.0, 34.0, 40.0], 'RatingChange': [-22.0, -1.0, -5.0, -1.0, -6.0, -1.0, -1.0, 0.0, 0.0, 0.0, -1.0, 0.0, 2.0, 0.0, 1.0, 2.0, 3.0, 6.0, 2.0, 7.0, 7.0, 6.0]}"
